영업상태코드,영업상태명,상세영업상태명,전화번호,소재지우편번호,지번주소,도로명주소,도로명주소_검색용,도로명우편번호,사업장명,데이터갱신구분,데이터갱신일자,업태구분명,
1,영업/정상,영업,02-338-5664,121819,서울특별시 마포구 동교동 204-5번지 동교동IK2 빌딩 1층 ,서울특별시 마포구 월드컵북로6길 56 동교동IK2 빌딩 1층 (동교동),서울 마포구 월드컵북로6길,3993,주막,I,2018.8.31 23:59,한식,
1,영업/정상,영업,02-2197-1733,121812,서울특별시 마포구 도화동 25-13 효성해링턴 스퀘어,서울특별시 마포구 마포대로 92 효성해링턴 스퀘어 B동 1층 67호 (도화동),서울 마포구 마포대로,4168,주막,U,2020.12.4 22:01,한식,
1,영업/정상,영업,,121829,서울특별시 마포구 상수동 336-15번지 1층 ,서울특별시 마포구 와우산로3길 32 1층 (상수동),서울 마포구 와우산로3길,4074,주무대,U,2019.12.20 2:40,기타,
1,영업/정상,영업,02-790-4750,121854,서울특별시 용산구 한강로3가 40-125번지,서울특별시 용산구 한강대로21길 17-16 ,서울 용산구 한강대로21길,4109,주미랑고추장불고기,I,2018.8.31 23:59,한식,
1,영업/정상,영업,02-6406-2019,121820,서울특별시 마포구 망원동 57-138번지 2층 ,서울특별시 마포구 월드컵로19길 42 2층 (망원동),서울 마포구 월드컵로19길,4012,주방,I,2018.11.30 2:20,기타,
1,영업/정상,영업,02-6953-9812,121818,서울특별시 마포구 동교동 166-3,서울특별시 마포구 양화로 178-8 2층 (동교동),서울 마포구 양화로,4051,주방일기,U,2020.11.1 22:03,중국식,
1,영업/정상,영업,010-932-5230,121838,서울특별시 마포구 서교동 358-136,서울특별시 마포구 와우산로21길 36-12 (서교동 지층),서울 마포구 와우산로21길,4040,주섬주섬,U,2020.12.6 0:02,한식,
1,영업/정상,영업,02-717-8004,121813,서울특별시 마포구 도화동 204-11번지 ,서울특별시 마포구 삼개로3길 6 (도화동),서울 마포구 삼개로3길,4172,주세풍복집,U,2019.2.20 2:40,한식,
1,영업/정상,영업,02-332-1860,121818,서울특별시 마포구 동교동 169-3번지 ,서울특별시 마포구 어울마당로 147 (동교동 1층),서울 마포구 어울마당로,4051,88선수촌 홍대어울마당로점,U,2019.5.22 2:40,한식,
1,영업/정상,영업,02-325-6677,121895,서울특별시 마포구 서교동 401-5 1층 2층 3층,서울특별시 마포구 독막로7길 22 (서교동 1층 2층 3층),서울 마포구 독막로7길,4048,개화기요정,U,2019.10.31 22:01,한식,
1,영업/정상,영업,0507-1364-3697,121819,서울특별시 마포구 동교동 203-36,서울특별시 마포구 월드컵북로6길 12-13 1층 (동교동),서울 마포구 월드컵북로6길,3992,다운타우너 연남,I,2020.10.31 21:00,기타,
1,영업/정상,영업,02-324-2040,121816,서울특별시 마포구 동교동 154,서울특별시 마포구 월드컵북로2길 89 지하1층 (동교동),서울 마포구 월드컵북로2길,3994,도프피자 베이커스 홍대점,I,2021.12.1 23:07,기타,
1,영업/정상,영업,0507-1480-0050,121904,서울특별시 마포구 상암동 1603,서울특별시 마포구 성암로 267 MBC신사옥 상업시설 C1 Park 지하1층 B109호 (상암동),서울 마포구 성암로,3925,로봇김밥 상암mbc몰점,U,2020.12.4 22:01,분식,
1,영업/정상,영업,010-2047-0629,121816,서울특별시 마포구 동교동 152-13번지 ,서울특별시 마포구 동교로 212-9 1층 (동교동),서울 마포구 동교로,3994,맛깔1987,I,2020.1.22 0:23,기타,
1,영업/정상,영업,0507-1371-5965,121816,서울특별시 마포구 동교동 153-33번지 서교동자치센터 ,서울특별시 마포구 동교로 210 서교동자치센터 1층일부층 (동교동),서울 마포구 동교로,3994,미국청년1987,U,2018.10.10 2:37,기타,
1,영업/정상,영업,02-322-7315,121888,서울특별시 마포구 합정동 473번지 마포한강2차푸르지오 114호,서울특별시 마포구 월드컵로3길 14 마포한강2차푸르지오 1층 114호 (합정동),서울 마포구 월드컵로3길,4024,매드포갈릭 합정점,U,2019.1.11 2:40,패밀리레스트랑,
1,영업/정상,영업,070-8822-5773,121873,서울특별시 마포구 염리동 159-5번지 ,서울특별시 마포구 백범로26길 4-5 1층 (염리동),서울 마포구 백범로26길,4149,옥면가,I,2019.12.25 0:23,기타,
1,영업/정상,영업,02-324-1107,121838,서울특별시 마포구 서교동 355-25번지 2층일부,서울특별시 마포구 홍익로5안길 24 (서교동 2층일부),서울 마포구 홍익로5안길,4039,홍마떡 홍대본점,U,2019.12.5 23:03,한식,
1,영업/정상,영업,02-335-7723,121839,"서울특별시 마포구 서교동 392-14번지 1,2층 ","서울특별시 마포구 양화로7길 6-4 (서교동 1,2층)",서울 마포구 양화로7길,4037,로켓치킨,I,2018.8.31 23:59,호프/통닭,
1,영업/정상,영업,070-4243-0084,121919,서울특별시 마포구 서교동 490번지 지하1층 메세나폴리스 ,서울특별시 마포구 양화로 45 B154B155호 (서교동 메세나폴리스),서울 마포구 양화로,4036,리피 메세나폴리스점,U,2019.1.11 2:40,기타,
1,영업/정상,영업,02-6954-0079,121876,서울특별시 마포구 용강동 494-56번지 ,서울특별시 마포구 토정로 262 (용강동 1층),서울 마포구 토정로,4162,주신의식탁,U,2018.9.14 23:59,한식,
1,영업/정상,영업,02-364-1422,121870,서울특별시 마포구 염리동 8-69 1층,서울특별시 마포구 대흥로30길 13 (염리동1층),서울 마포구 대흥로30길,4113,주영식당,U,2019.11.2 0:03,한식,
1,영업/정상,영업,02-703-1336,121813,서울특별시 마포구 도화동 336-2번지 ,서울특별시 마포구 도화길 20-1 (도화동 2층),서울 마포구 도화길,4172,주작,I,2018.8.31 23:59,호프/통닭,
1,영업/정상,영업,070-4179-3459,121803,서울특별시 마포구 공덕동 255-16번지 ,서울특별시 마포구 마포대로 110 (공덕동 1층 일부),서울 마포구 마포대로,4213,주전자,I,2018.8.31 23:59,한식,
1,영업/정상,영업,,121883,서울특별시 마포구 합정동 412-27 1층일부,서울특별시 마포구 독막로 31-3 (합정동 1층일부),서울 마포구 독막로,4047,주행,U,2020.12.2 21:01,까페,
1,영업/정상,영업,02-6052-0015,121819,서울특별시 마포구 동교동 203-50번지 정암빌딩1층 ,서울특별시 마포구 동교로25길 23 정암빌딩1층 (동교동),서울 마포구 동교로25길,3992,죽순,U,2020.4.30 2:40,일식,
1,영업/정상,영업,02-3143-0700,121854,서울특별시 마포구 신수동 41-6번지 ,서울특별시 마포구 독막로34길 8 1층 (신수동),서울 마포구 독막로34길,4090,죽이랑 밥이랑,I,2018.8.31 23:59,한식,
1,영업/정상,영업,02-704-6288,121130,서울특별시 마포구 구수동 55번지 2층 ,서울특별시 마포구 독막로 172 2층 (구수동),서울 마포구 독막로,4087,죽이야기 광흥창역점,U,2019.3.16 2:40,한식,
1,영업/정상,영업,02-711-6288,121779,서울특별시 마포구 도화동 555 지하1층,서울특별시 마포구 마포대로 33 지하1층 B111호 (도화동 마포 한화 오벨리스크),서울 마포구 마포대로,4167,죽이야기 서울마포역점,U,2021.12.1 0:02,한식,
1,영업/정상,영업,02-303-4006,121830,서울특별시 마포구 상암동 5-6,서울특별시 마포구 매봉산로2길 27 1층 (상암동),서울 마포구 매봉산로2길,3927,준 램,U,2020.12.4 0:04,일식,
1,영업/정상,영업,02-6013-6360,121826,서울특별시 마포구 망원동 475-46번지 1층일부 ,서울특별시 마포구 방울내로 68 1층일부 (망원동),서울 마포구 방울내로,3964,준가츠,U,2019.1.4 2:40,기타,
1,영업/정상,영업,070-8268-5554,121837,서울특별시 마포구 서교동 362-14,서울특별시 마포구 와우산로19길 6-11 지하2층 (서교동),서울 마포구 와우산로19길,4041,준스바,U,2020.12.3 22:00,술집,
1,영업/정상,영업,,121882,서울특별시 마포구 창전동 439번지 ,서울특별시 마포구 서강로9길 49 태영아파트 상가동 103호,서울 마포구 서강로9길,4060,준승이네,I,2018.8.31 23:59,한식,
1,영업/정상,영업,02-6713-2791,121865,서울특별시 마포구 연남동 228-40번지 2층 ,서울특별시 마포구 동교로 256 2층 (연남동),서울 마포구 동교로,3982,준식당,I,2018.8.31 23:59,기타,
1,영업/정상,영업,02-706-6626,121050,서울특별시 마포구 마포동 219번지 그린벨빌딩 ,서울특별시 마포구 마포대로4나길 14 그린벨빌딩 1층 (마포동),서울 마포구 마포대로4나길,4176,준영네고기집,I,2019.10.26 0:23,기타,
1,영업/정상,영업,02-3144-6760,121883,서울특별시 마포구 합정동 354-23번지 ,서울특별시 마포구 독막로 48 2층 (합정동),서울 마포구 독막로,4073,준지의 아름다운 하루,U,2020.5.10 2:40,까페,
1,영업/정상,영업,070-8691-1927,121895,서울특별시 마포구 서교동 411-9,서울특별시 마포구 와우산로15길 37 지하 1층,서울 마포구 와우산로15길,4049,줄라이 13(July 13),I,2020.10.31 22:04,경양식,
1,영업/정상,영업,02-336-0716,121837,서울특별시 마포구 서교동 345-20번지 2층 ,서울특별시 마포구 와우산로23길 35-6 2층 (서교동),서울 마포구 와우산로23길,4055,줄라이식스틴,I,2018.8.31 23:59,한식,
1,영업/정상,영업,,121840,서울특별시 마포구 서교동 397-5번지,서울특별시 마포구 독막로3길 52 1층,서울 마포구 독막로3길,4047,중경삼림,I,2018.8.31 23:59,호프/통닭,
1,영업/정상,영업,02-701-9393,121800,서울특별시 마포구 공덕동 21-2번지 ,서울특별시 마포구 만리재옛길 68-1 (공덕동),서울 마포구 만리재옛길,4208,중국성,I,2018.8.31 23:59,중국식,
1,영업/정상,영업,02-323-7751,121895,서울특별시 마포구 서교동 405-9,서울특별시 마포구 독막로7길 60 (서교동),서울 마포구 독막로7길,4048,중독,U,2020.11.2 0:01,경양식,
1,영업/정상,영업,02-307-5825,121878,서울특별시 마포구 중동 241번지 1층일부 ,서울특별시 마포구 성암로3길 20 (중동 1층일부),서울 마포구 성암로3길,3950,중동포차전기구이통닭,U,2019.7.3 2:40,한식,
1,영업/정상,영업,070-4038-2016,121895,서울특별시 마포구 서교동 407-19번지 1층 ,서울특별시 마포구 와우산로17길 24-3 1층 (서교동),서울 마포구 와우산로17길,4049,중앙현관포차,I,2018.8.31 23:59,분식,
1,영업/정상,영업,0507-1436-2209,121816,서울특별시 마포구 동교동 152-11번지 1층,서울특별시 마포구 동교로 220-7 1층 (동교동),서울 마포구 동교로,3994,중화복춘,I,2018.8.31 23:59,중국식,
1,영업/정상,영업,02-336-0278,121865,서울특별시 마포구 연남동 241-48,서울특별시 마포구 성미산로29길 34 1.5층 (연남동),서울 마포구 성미산로29길,3980,쥬벤쿠바 연남,U,2020.12.7 22:01,경양식,
1,영업/정상,영업,,121812,서울특별시 마포구 도화동 194-19번지,서울특별시 마포구 도화길 50 (도화동),서울 마포구 도화길,4169,쥬쥬바,I,2018.8.31 23:59,분식,
1,영업/정상,영업,,121821,서울특별시 마포구 망원동 394-111번지 1층 ,서울특별시 마포구 동교로 27-1 1층 (망원동),서울 마포구 동교로,4017,즐거운포차,U,2018.12.2 2:40,호프/통닭,
1,영업/정상,영업,010-4266-5785,121830,서울특별시 마포구 상암동 14-15,서울특별시 마포구 매봉산로2길 26 2층 (상암동),서울 마포구 매봉산로2길,3927,지금보고싶다 상암점,I,2019.10.31 23:03,기타,
1,영업/정상,영업,,121895,서울특별시 마포구 서교동 405-9번지 ,서울특별시 마포구 독막로7길 60 (서교동 1층),서울 마포구 독막로7길,4048,지금보고싶다 홍대점,I,2018.8.31 23:59,호프/통닭,
1,영업/정상,영업,02-711-5105,121876,서울특별시 마포구 용강동 149-81,서울특별시 마포구 대흥로2길 21 1층 (용강동),서울 마포구 대흥로2길,4162,지니알탕,U,2020.12.4 22:02,한식,
1,영업/정상,영업,,121810,서울특별시 마포구 대흥동 337-20번지 ,서울특별시 마포구 대흥로 52 지상1층 (대흥동),서울 마포구 대흥로,4159,지니돈까스모밀,I,2018.8.31 23:59,일식,
1,영업/정상,영업,,121805,서울특별시 마포구 공덕동 445-1,서울특별시 마포구 백범로 170 102동 1층 3호 (공덕동 공덕더샵아파트),서울 마포구 백범로,4148,지디스트릿,U,2020.12.1 23:02,감성주점,
1,영업/정상,영업,,121837,서울특별시 마포구 서교동 343-13번지 1층 ,서울특별시 마포구 와우산로29가길 79 (서교동1층),서울 마포구 와우산로29가길,4054,지로우라멘,I,2018.8.31 23:59,한식,
1,영업/정상,영업,02-6396-3646,121885,서울특별시 마포구 합정동 387-5번지 ,서울특별시 마포구 월드컵로3길 31-5 1층 (합정동),서울 마포구 월드컵로3길,4025,지리,I,2020.5.23 0:23,한식,
1,영업/정상,영업,02-333-7794,121885,서울특별시 마포구 합정동 387-10번지 1층 ,서울특별시 마포구 양화로3길 23 1층 (합정동),서울 마포구 양화로3길,4025,지리산어탕국수,U,2019.1.13 2:40,분식,
1,영업/정상,영업,02-3141-4805,121837,서울특별시 마포구 서교동 345-2번지 4F ,서울특별시 마포구 어울마당로 118 (서교동4F),서울 마포구 어울마당로,4055,지리산주막,I,2018.8.31 23:59,분식,
1,영업/정상,영업,010-4434-3180,121826,서울특별시 마포구 망원동 470-30 휴먼빌리지,서울특별시 마포구 방울내로7길 26 휴먼빌리지 1층 102호 (망원동),서울 마포구 방울내로7길,3961,지아네요리공작소,U,2020.11.30 22:01,한식,
1,영업/정상,영업,,121854,서울특별시 마포구 신수동 85-24 1층일부,서울특별시 마포구 독막로31길 18 (신수동 1층일부),서울 마포구 독막로31길,4096,지알로 파스타바,U,2020.11.2 0:03,기타,
1,영업/정상,영업,02-701-0180,121811,서울특별시 마포구 대흥동 405-4번지 1층 ,서울특별시 마포구 독막로 257 (대흥동1층),서울 마포구 독막로,4151,지여사청국장 생삼겹살,I,2018.8.31 23:59,한식,
1,영업/정상,영업,02-706-3837,121812,서울특별시 마포구 도화동 25-2번지 ,서울특별시 마포구 새창로 13 (도화동 2층),서울 마포구 새창로,4169,지중해참치,I,2018.8.31 23:59,일식,
1,영업/정상,영업,02-323-4977,121843,서울특별시 마포구 성산동 56-1번지 ,서울특별시 마포구 월드컵북로 137 CS타워 1층,서울 마포구 월드컵북로,3966,지즐 숯불갈비 성산점,I,2018.8.31 23:59,한식,
1,영업/정상,영업,,121898,서울특별시 마포구 도화동 38-2번지 지하1층 ,서울특별시 마포구 새창로 20 (도화동 지하1층),서울 마포구 새창로,3995,지지,I,2018.8.31 23:59,경양식,
1,영업/정상,영업,02-714-5554,121742,서울특별시 마포구 대흥동 22-60 곤자가프라자 지하1층,서울특별시 마포구 백범로 35 (신수동서강대학교내 곤자가 프라자 지하1층),서울 마포구 백범로,4107,지지고 서강대점,I,2018.8.31 23:59,한식,
1,영업/정상,영업,02-332-6990,121837,서울특별시 마포구 서교동 344-6번지 ,서울특별시 마포구 와우산로23길 9 제1층 제108109110호 (서교동 칼리오페),서울 마포구 와우산로23길,4055,지지고 홍대점,I,2018.8.31 23:59,한식,
1,영업/정상,영업,02-333-9225,121893,서울특별시 마포구 서교동 369-32 1층,서울특별시 마포구 홍익로5안길 43 1층 (서교동),서울 마포구 홍익로5안길,4039,지코바 서교1호점,U,2020.10.31 0:02,호프/통닭,
1,영업/정상,영업,,,서울특별시 마포구 도화동 324-3 1층,서울특별시 마포구 도화2안길 8 1층 (도화동),서울 마포구 도화2안길,4172,지코바 도화점,I,2018.8.31 23:59,호프/통닭,
1,영업/정상,영업,02-303-4544,121850,서울특별시 마포구 성산동 592-5,서울특별시 마포구 모래내로 5 우남퍼스트빌 상가 1층 101-1호 (성산동),서울 마포구 모래내로,3938,지코바 성산1호점,U,2020.12.4 22:01,호프/통닭,
1,영업/정상,영업,,121840,서울특별시 마포구 서교동 395-27,서울특별시 마포구 독막로3길 39 지1층 (서교동),서울 마포구 독막로3길,4044,지하102호 2호점,U,2020.12.9 0:04,기타,
1,영업/정상,영업,010-2801-4568,121840,서울특별시 마포구 서교동 399-26,서울특별시 마포구 양화로6길 57-22 지층 101호 (서교동),서울 마포구 양화로6길,4047,지하102호 3호점,I,2020.11.1 23:04,호프/통닭,
1,영업/정상,영업,02-333-8827,121887,서울특별시 마포구 합정동 426-7번지,서울특별시 마포구 월드컵로 31 오벨리움빌딩 1층 (합정동),서울 마포구 월드컵로,4023,지호한방삼계탕 합정점,I,2018.8.31 23:59,한식,
1,영업/정상,영업,02-323-9933,121854,서울특별시 마포구 신수동 46-1번지 2층 ,서울특별시 마포구 독막로 229 만한빌딩 1층 (신수동),서울 마포구 독막로,4096,지호한방삼계탕 마포대흥역점,I,2018.8.31 23:59,한식,
1,영업/정상,영업,02-337-3839,121826,서울특별시 마포구 망원동 471-19,서울특별시 마포구 방울내로11길 23 (망원동두영빌딩 1층101호),서울 마포구 방울내로11길,3961,지호한방삼계탕 마포구청역점,U,2019.10.30 21:01,한식,
1,영업/정상,영업,02-525-9479,121904,서울특별시 마포구 상암동 1615번지 PARK M ,서울특별시 마포구 매봉산로 80 파크엠 2층 205호 (상암동),서울 마포구 매봉산로,3927,지홍이네 족발과쟁반국수,U,2019.6.13 2:40,한식,
1,영업/정상,영업,02-347-5171,121850,서울특별시 마포구 성산동 595번지,서울특별시 마포구 월드컵로 205,서울 마포구 월드컵로,,지희네양념통닭,I,2018.8.31 23:59,분식,
1,영업/정상,영업,02-6956-8777,121854,서울특별시 마포구 신수동 88-16,서울특별시 마포구 광성로4길 11-10 2층 (신수동),서울 마포구 광성로4길,4096,직떡 본점,U,2021.12.2 0:09,한식,
1,영업/정상,영업,02-9649-6855,121828,서울특별시 마포구 상수동 88-15,서울특별시 마포구 독막로19길 42-12 지층 전면 좌측 102호 (상수동),서울 마포구 독막로19길,4067,직떡 홍대점,U,2020.12.4 22:01,분식,
1,영업/정상,영업,,121904,서울특별시 마포구 상암동 1610번지,서울특별시 마포구 매봉산로 75 DDMC 지하1층 푸드코트 내 3호 (상암동),서울 마포구 매봉산로,3926,직화한상 상암DDMC점,I,2018.8.31 23:59,한식,
1,영업/정상,영업,02-326-1668,121865,서울특별시 마포구 연남동 260-41번지 1층 ,서울특별시 마포구 동교로34길 12 1층 (연남동),서울 마포구 동교로34길,3985,진가,I,2018.8.31 23:59,중국식,
1,영업/정상,영업,02-323-4545,121820,서울특별시 마포구 망원동 57-498,서울특별시 마포구 월드컵로21길 18 지층 (망원동),서울 마포구 월드컵로21길,4012,진가식탁,U,2019.12.7 22:00,한식,
1,영업/정상,영업,02-715-1559,121803,서울특별시 마포구 공덕동 249-62,서울특별시 마포구 마포대로12길 54 (공덕동 1층),서울 마포구 마포대로12길,4211,진대감 마포점,U,2019.12.7 23:05,한식,
1,영업/정상,영업,02-6338-5200,121835,서울특별시 마포구 상암동 1522번지 ,서울특별시 마포구 성암로13길 58 2층 (상암동),서울 마포구 성암로13길,3930,진돈,I,2020.1.17 0:23,일식,
1,영업/정상,영업,02-338-1117,121836,서울특별시 마포구 서교동 327-22번지 지하1층 ,서울특별시 마포구 와우산로29길 4-42 지하1층,서울 마포구 와우산로29길,4052,진만두,I,2018.8.31 23:59,분식,
1,영업/정상,영업,02-3211-4468,121801,서울특별시 마포구 공덕동 105-127번지 1층 ,서울특별시 마포구 마포대로 186-6 (공덕동1층),서울 마포구 마포대로,4207,진미식당,I,2018.8.31 23:59,한식,
1,영업/정상,영업,02-336-8221,121893,서울특별시 마포구 서교동 365-26번지 ,서울특별시 마포구 홍익로3길 15 (서교동),서울 마포구 홍익로3길,4039,큰맘할매순대국 홍대점,I,2018.8.31 23:59,한식,
1,영업/정상,영업,02-878-7476,121826,서울특별시 마포구 망원동 474-18번지 1층 ,서울특별시 마포구 월드컵로31길 5 (망원동1층),서울 마포구 월드컵로31길,3962,진부령황태촌 망원점,I,2018.8.31 23:59,한식,
1,영업/정상,영업,02-715-6739,121803,서울특별시 마포구 공덕동 256-32번지 ,서울특별시 마포구 만리재옛길 5 (공덕동),서울 마포구 만리재옛길,4214,진분식,U,2018.10.3 2:36,통닭(치킨),
1,영업/정상,영업,02-6401-1952,121837,서울특별시 마포구 서교동 363-20번지 ,서울특별시 마포구 와우산로19길 21 2층 (서교동),서울 마포구 와우산로19길,4041,진솔952,U,2020.4.23 2:40,분식,
1,영업/정상,영업,02-326-5879,121839,서울특별시 마포구 서교동 480-24번지 103호,서울특별시 마포구 동교로 102 (서교동),서울 마포구 동교로,4029,진수성찬,I,2018.8.31 23:59,한식,
1,영업/정상,영업,010-2894-7258,121809,서울특별시 마포구 대흥동 36-31번지 ,서울특별시 마포구 대흥로 112-2 1층 (대흥동),서울 마포구 대흥로,4136,진스키친(Jin's   Kitchen),I,2019.12.22 0:23,기타,
1,영업/정상,영업,02-703-5970,121030,서울특별시 마포구 신공덕동 167번지,서울특별시 마포구 백범로 199 메트로디오빌 105호,서울 마포구 백범로,4195,진시황북어국,I,2018.8.31 23:59,한식,
1,영업/정상,영업,23327412,121869,서울특별시 마포구 연남동 561-8번지 (1층) ,서울특별시 마포구 연남로3길 34 (연남동(1층)),서울 마포구 연남로3길,3988,진어참치,I,2018.8.31 23:59,일식,
1,영업/정상,영업,02-6369-2125,121869,서울특별시 마포구 연남동 565-31번지 ,서울특별시 마포구 연남로3길 51 (연남동 지하1층일부),서울 마포구 연남로3길,3991,진우네초밥,I,2018.8.31 23:59,일식,
1,영업/정상,영업,02-326-3392,121838,서울특별시 마포구 서교동 354-6번지 ,서울특별시 마포구 양화로 128 1층 (서교동),서울 마포구 양화로,4038,진저피그,I,2018.8.31 23:59,일식,
1,영업/정상,영업,02-332-9866,121894,서울특별시 마포구 서교동 375-35번지 ,서울특별시 마포구 월드컵북로1길 60 (서교동 1층 ),서울 마포구 월드컵북로1길,4031,진진가연,I,2018.8.31 23:59,한식,
1,영업/정상,영업,070-5035-8878,121896,서울특별시 마포구 서교동 469-67번지 1층 ,서울특별시 마포구 잔다리로 123 1층 (서교동),서울 마포구 잔다리로,3997,진진 본관,I,2018.8.31 23:59,중국식,
1,영업/정상,영업,02-333-3531,121841,서울특별시 마포구 서교동 449-30번지 ,서울특별시 마포구 동교로19길 48 (서교동 1층일부),서울 마포구 동교로19길,4000,진짜루,I,2018.8.31 23:59,호프/통닭,
1,영업/정상,영업,02-322-1518,121828,서울특별시 마포구 상수동 86-22번지 ,서울특별시 마포구 와우산로 64 전원빌딩 2층 202호,서울 마포구 와우산로,4067,진짜파스타,I,2018.8.31 23:59,까페,
1,영업/정상,영업,02-3272-0056,121815,서울특별시 마포구 도화동 559번지 2층 213호,서울특별시 마포구 마포대로 53 2층 213호 (도화동),서울 마포구 마포대로,4158,진차이나,I,2018.8.31 23:59,중국식,
1,영업/정상,영업,02-332-2790,121903,서울특별시 마포구 망원동 418-24 1층,서울특별시 마포구 희우정로 130 1층,서울 마포구 희우정로,4007,진토리닭곰탕,U,2019.10.31 22:06,한식,
1,영업/정상,영업,02-332-8886,121827,서울특별시 마포구 망원동 483-2번지 2층 ,서울특별시 마포구 망원로 87 2층 (망원동),서울 마포구 망원로,3964,진평925,I,2018.8.31 23:59,한식,
1,영업/정상,영업,02-703-0930,121801,서울특별시 마포구 공덕동 111-337,서울특별시 마포구 효창목길 30 인재빌딩 2층 (공덕동),서울 마포구 효창목길,4186,진함흥면옥,I,2018.8.31 23:59,한식,
1,영업/정상,영업,02-6383-0101,121816,서울특별시 마포구 동교동 152-14번지 ,서울특별시 마포구 동교로 212-7 1층,서울 마포구 동교로,3994,진화로,I,2018.8.31 23:59,일식,
1,영업/정상,영업,02-6369-0833,121817,서울특별시 마포구 동교동 164-19번지 2층 ,서울특별시 마포구 홍익로6길 44 2층 (동교동),서울 마포구 홍익로6길,4050,진화쿵푸마라탕 홍대본점,I,2018.8.31 23:59,한식,
1,영업/정상,영업,,121867,서울특별시 마포구 연남동 390-24번지 지층일부 ,서울특별시 마포구 동교로38길 23 지층일부 (연남동),서울 마포구 동교로38길,3982,질리(Gilli),I,2019.3.16 2:21,기타,
1,영업/정상,영업,02-324-1422,121816,서울특별시 마포구 동교동 153-3번지 ,서울특별시 마포구 양화로19길 22-25 (동교동 1층일부),서울 마포구 양화로19길,3994,질할브로스,I,2018.8.31 23:59,경양식,
1,영업/정상,영업,02-304-1940,121830,서울특별시 마포구 상암동 41-12번지 ,서울특별시 마포구 월드컵북로50길 6 지층 (상암동),서울 마포구 월드컵북로50길,3927,집밥의여왕,U,2019.11.17 2:40,한식,
1,영업/정상,영업,02-712-7907,121809,서울특별시 마포구 대흥동 18-1,서울특별시 마포구 고산길 158 1층 (대흥동),서울 마포구 고산길,4106,집밥이선생,I,2019.12.7 22:07,기타,
1,영업/정상,영업,02-324-0308,121816,서울특별시 마포구 동교동 155-16,서울특별시 마포구 양화로19길 2 1층 (동교동),서울 마포구 양화로19길,3994,짚신매운갈비찜 홍대점,U,2020.12.4 22:02,한식,
1,영업/정상,영업,02-3141-9216,121887,서울특별시 마포구 합정동 427-14번지 1층일부 ,서울특별시 마포구 월드컵로 41-1 (합정동 1층일부),서울 마포구 월드컵로,4023,짝태&노가리 합정점,I,2018.8.31 23:59,호프/통닭,
1,영업/정상,영업,010-9263-6509,121830,서울특별시 마포구 상암동 36-12번지 1층 일부 ,서울특별시 마포구 월드컵북로48길 7 (상암동 1층 일부),서울 마포구 월드컵북로48길,3927,짝태&노가리 상암점,I,2018.8.31 23:59,호프/통닭,
1,영업/정상,영업,02-322-2697,121825,서울특별시 마포구 망원동 435-23번지,서울특별시 마포구 방울내로 73 (망원동 1층일부),서울 마포구 방울내로,3961,짝태앤노가리 망원점,U,2019.10.31 23:08,호프/통닭,
1,영업/정상,영업,,121899,서울특별시 마포구 동교동 185-18번지 ,서울특별시 마포구 신촌로 60 1층 (동교동),서울 마포구 신촌로,4057,짝태&노가리,I,2020.2.26 0:23,호프/통닭,
1,영업/정상,영업,,121836,서울특별시 마포구 서교동 331-12,서울특별시 마포구 어울마당로 136-5 1층,서울 마포구 어울마당로,4053,짝태와생골뱅이,U,2019.11.2 0:03,호프/통닭,
1,영업/정상,영업,,121819,서울특별시 마포구 동교동 204-11번지 1층 ,서울특별시 마포구 동교로27길 27 1층 (동교동),서울 마포구 동교로27길,3993,짬뽕위에더짬뽕 연남점,I,2018.8.31 23:59,까페,
1,영업/정상,영업,02-332-6158,121895,서울특별시 마포구 서교동 408-27번지 보리수빌딩 ,서울특별시 마포구 어울마당로 44-1 보리수빌딩 1층 (서교동),서울 마포구 어울마당로,4049,짬뽕지존 홍대직영점,I,2018.8.31 23:59,한식,
1,영업/정상,영업,02-716-5161,121874,서울특별시 마포구 염리동 172-10번지 ,서울특별시 마포구 토정로37길 51 1층 (염리동),서울 마포구 토정로37길,4155,짬뽕지존 마포점,I,2018.8.31 23:59,한식,
1,영업/정상,영업,02-203-7406,121830,서울특별시 마포구 상암동 12-90 마음빌딩,서울특별시 마포구 월드컵북로48길 29-5 마음빌딩 1층 101 102호 (상암동),서울 마포구 월드컵북로48길,3927,짱구네 상암점,U,2020.10.31 0:02,중국식,
1,영업/정상,영업,02-322-0549,121823,서울특별시 마포구 망원동 421-30번지 ,서울특별시 마포구 망원로3길 8 (망원동 1층 일부),서울 마포구 망원로3길,3958,짱스버거,I,2018.8.31 23:59,패스트푸드,
1,영업/정상,영업,02-307-8988,121270,서울특별시 마포구 상암동 1752,서울특별시 마포구 월드컵북로 501 (상암동 월드컵파크 9단지 상가 101호),서울 마포구 월드컵북로,3902,짱오야,U,2020.12.7 0:07,중국식,
1,영업/정상,영업,,121836,서울특별시 마포구 서교동 332-27,서울특별시 마포구 와우산로29바길 11-3 1층 우측 (서교동),서울 마포구 와우산로29바길,4053,쨈스타,I,2021.12.2 0:08,기타,
1,영업/정상,영업,,121867,서울특별시 마포구 연남동 390-57,서울특별시 마포구 동교로38안길 23 지층 (연남동),서울 마포구 동교로38안길,3982,쨈지달,U,2020.12.6 23:00,기타,
1,영업/정상,영업,02-701-5996,121806,서울특별시 마포구 노고산동 31-8번지 ,서울특별시 마포구 백범로1길 21 (노고산동),서울 마포구 백범로1길,4101,쭈꾸미블루스 신촌본점,U,2018.12.12 2:40,한식,
1,영업/정상,영업,23060802,121830,서울특별시 마포구 상암동 16-5 1층,서울특별시 마포구 월드컵북로44길 50 (상암동1층),서울 마포구 월드컵북로44길,3930,쭈꾸미도사,U,2021.12.1 22:03,한식,
1,영업/정상,영업,02-711-8564,121803,서울특별시 마포구 공덕동 242-37번지 ,서울특별시 마포구 마포대로12길 33 (공덕동),서울 마포구 마포대로12길,4211,쭈꾸미랑순두부전문,I,2018.8.31 23:59,한식,
1,영업/정상,영업,02-719-8393,121875,서울특별시 마포구 용강동 40-1번지 ,서울특별시 마포구 토정로35길 4-1 (용강동),서울 마포구 토정로35길,4166,쭈꾸미숯불구이집,I,2018.8.31 23:59,한식,
1,영업/정상,영업,02-303-9883,121850,서울특별시 마포구 성산동 590-5번지 상암월드시티 201호 202호 ,서울특별시 마포구 월드컵로34길 13 상암월드컵시티 201호,서울 마포구 월드컵로34길,3938,쭈꾸미일당백,I,2018.8.31 23:59,한식,
1,영업/정상,영업,010-4667-6461,121893,서울특별시 마포구 서교동 369-44번지 4층일부 ,서울특별시 마포구 홍익로3길 36 (서교동 4층일부),서울 마포구 홍익로3길,4039,쭈대세,U,2018.11.30 2:40,한식,
1,영업/정상,영업,02-323-7292,121881,서울특별시 마포구 창전동 238 외2필지(237239) 1층일부,서울특별시 마포구 서강로 46 (창전동 1층일부),서울 마포구 서강로,4086,쭈앤쭈 광흥창역점,U,2020.12.7 22:07,한식,
1,영업/정상,영업,02-6010-2087,121836,서울특별시 마포구 서교동 332-5,서울특별시 마포구 와우산로29마길 6 (서교동 지하1층 일부),서울 마포구 와우산로29마길,4053,쭌곱창,U,2020.12.2 22:03,호프/통닭,
1,영업/정상,영업,02-337-9454,121843,서울특별시 마포구 성산동 54-1,서울특별시 마포구 월드컵북로23길 9 1층 (성산동),서울 마포구 월드컵북로23길,3966,찌개의정석,U,2019.11.1 22:06,기타,
1,영업/정상,영업,02-6393-5071,121904,서울특별시 마포구 상암동 1601번지 케이지아이티센터 ,서울특별시 마포구 월드컵북로 402 ,서울 마포구 월드컵북로,3925,찌개짱,I,2019.8.22 2:22,기타,
1,영업/정상,영업,02-704-9679,121872,서울특별시 마포구 염리동 147-19번지 1층 ,서울특별시 마포구 숭문길 28 1층 (염리동),서울 마포구 숭문길,4138,찌니네마약통닭 염리2호점,I,2018.8.31 23:59,호프/통닭,
1,영업/정상,영업,02-332-3885,121885,서울특별시 마포구 합정동 388-29 1층일부(102호),서울특별시 마포구 양화로1길 32 1층 102호,서울 마포구 양화로1길,4025,찐육개장,U,2019.11.1 22:04,한식,
1,영업/정상,영업,02-323-8288,121807,서울특별시 마포구 노고산동 49-6번지 ,서울특별시 마포구 신촌로12가길 33 (노고산동),서울 마포구 신촌로12가길,4057,찜땍,I,2018.8.31 23:59,일식,
1,영업/정상,영업,02-717-7991,121809,서울특별시 마포구 대흥동 259번지 ,서울특별시 마포구 백범로16길 8 (대흥동 1층일부),서울 마포구 백범로16길,4149,차돌소풍 본점,U,2018.11.18 2:37,한식,
1,영업/정상,영업,02-335-1066,121887,서울특별시 마포구 합정동 427-7번지 ,서울특별시 마포구 월드컵로 45-1 (합정동 2층),서울 마포구 월드컵로,4023,최가미록차돌쌈 합정본점,I,2018.8.31 23:59,한식,
1,영업/정상,영업,02-701-7590,121130,서울특별시 마포구 구수동 57-7번지 ,서울특별시 마포구 창전로 46 1층 (구수동),서울 마포구 창전로,4087,차돌집,I,2018.8.31 23:59,일식,
1,영업/정상,영업,02-711-9293,121732,서울특별시 마포구 도화동 37번지 진도빌딩 1층 ,서울특별시 마포구 마포대로 44 진도빌딩 1층 1호 (도화동),서울 마포구 마포대로,4174,차돌풍 마포점,U,2019.3.7 2:40,기타,
1,영업/정상,영업,02-330-7800,121838,서울특별시 마포구 서교동 354-5번지 RYSE,서울특별시 마포구 양화로 130 RYSE 4층 (서교동),서울 마포구 양화로,4038,차르,U,2019.12.6 0:04,경양식,
1,영업/정상,영업,02-308-0011,121830,서울특별시 마포구 상암동 12-16번지 ,서울특별시 마포구 월드컵북로44길 76 2층 (상암동),서울 마포구 월드컵북로44길,3927,차림,I,2018.8.31 23:59,한식,
1,영업/정상,영업,02-337-0812,121865,서울특별시 마포구 연남동 228-57,서울특별시 마포구 동교로 248 2층,서울 마포구 동교로,3982,차만다 연남점,I,2020.12.9 0:08,경양식,
1,영업/정상,영업,02-712-0822,121874,서울특별시 마포구 염리동 168-9번지 재화스퀘어 B109호,서울특별시 마포구 독막로 311 재화스퀘어빌딩 지하1층 B109호 (염리동),서울 마포구 독막로,4156,차이나스토리 공덕재화스퀘어점,U,2020.5.24 2:40,중국식,
1,영업/정상,영업,02-719-0909,121731,서울특별시 마포구 도화동 536번지 정우빌딩 지하1층 11121415호 ,서울특별시 마포구 토정로37길 46 (도화동정우빌딩 지하1층 11121415호),서울 마포구 토정로37길,4157,차이홍 마포본점,I,2018.8.31 23:59,중국식,
1,영업/정상,영업,02-6085-7082,121867,서울특별시 마포구 연남동 383-42 라온오래 1호점,서울특별시 마포구 동교로38길 33-12 라온오래 1호점 2층 202호 (연남동),서울 마포구 동교로38길,3982,차차밀로,U,2020.12.8 0:06,기타,
1,영업/정상,영업,,121870,서울특별시 마포구 염리동 9-132번지 1층 ,서울특별시 마포구 숭문길 216 (염리동1층),서울 마포구 숭문길,4113,착한순우리,I,2018.8.31 23:59,한식,
1,영업/정상,영업,02-323-5520,121821,서울특별시 마포구 망원동 396-28번지 1층 ,서울특별시 마포구 희우정로10길 3 1층 (망원동),서울 마포구 희우정로10길,4017,착한탕,I,2018.8.31 23:59,한식,
1,영업/정상,영업,02-332-5347,121896,서울특별시 마포구 서교동 442-4,서울특별시 마포구 성미산로2길 43 지하1층 (서교동),서울 마포구 성미산로2길,3996,찬찬,U,2020.12.3 0:04,한식,
1,영업/정상,영업,02-707-1238,121856,서울특별시 마포구 신수동 457번지,서울특별시 마포구 광성로 28 벽산솔렌스힐아파트 상가동 102호,서울 마포구 광성로,4097,찬집,I,2018.11.24 2:37,기타,
1,영업/정상,영업,,121895,서울특별시 마포구 서교동 407-21번지 3층 ,서울특별시 마포구 어울마당로 60 3층 (서교동),서울 마포구 어울마당로,4049,찰리주막,I,2018.8.31 23:59,호프/통닭,
1,영업/정상,영업,02-334-1692,121819,서울특별시 마포구 동교동 201-6,서울특별시 마포구 동교로 187 (동교동),서울 마포구 동교로,3992,찰스숯불김밥 홍대동교본점,U,2020.12.5 23:07,분식,
1,영업/정상,영업,02-712-9997,121803,서울특별시 마포구 공덕동 256-5번지 ,서울특별시 마포구 마포대로6길 10 2층 (공덕동),서울 마포구 마포대로6길,4214,참나무본가 공덕점,I,2018.8.31 23:59,한식,
1,영업/정상,영업,,121822,서울특별시 마포구 망원동 411-31번지 1층일부 ,서울특별시 마포구 망원로8길 36 (망원동 1층일부),서울 마포구 망원로8길,4010,참맛닭곰탕,I,2018.8.31 23:59,한식,
1,영업/정상,영업,02-323-8737,121829,서울특별시 마포구 합정동 411-14,서울특별시 마포구 독막로 43-1 1층 101호,서울 마포구 독막로,4074,참바른김밥,I,2018.8.31 23:59,한식,
1,영업/정상,영업,02-702-1953,121803,서울특별시 마포구 공덕동 256-20번지 ,서울특별시 마포구 만리재로1길 14 (공덕동),서울 마포구 만리재로1길,4214,참복집,I,2018.8.31 23:59,일식,
1,영업/정상,영업,02-302-8260,121830,서울특별시 마포구 상암동 11-11번지 1층 ,서울특별시 마포구 매봉산로2안길 18-6 1층 (상암동),서울 마포구 매봉산로2안길,3927,참복집 본관,I,2018.8.31 23:59,한식,
1,영업/정상,영업,02-711-5788,121803,서울특별시 마포구 공덕동 242-15번지 외1필지 2F동 ,서울특별시 마포구 마포대로12길 57 2F동 (공덕동외1필지),서울 마포구 마포대로12길,4210,참새방앗간,I,2018.8.31 23:59,호프/통닭,
1,영업/정상,영업,2226320090,121817,서울특별시 마포구 동교동 164-7번지 지하 1층 ,서울특별시 마포구 어울마당로 129-1 (동교동지하 1층),서울 마포구 어울마당로,4050,참새방앗간,I,2018.8.31 23:59,호프/통닭,
1,영업/정상,영업,02-304-4006,121845,서울특별시 마포구 성산동 161-8번지 1층일부 ,서울특별시 마포구 월드컵북로 201 (성산동 1층일부),서울 마포구 월드컵북로,3940,참숯돼지갈비,I,2018.8.31 23:59,한식,
1,영업/정상,영업,02-335-1693,121886,서울특별시 마포구 합정동 396-15번지 1층 ,서울특별시 마포구 포은로 9 (합정동 1층),서울 마포구 포은로,4020,참숯불풍천장어,I,2018.8.31 23:59,한식,
1,영업/정상,영업,,121885,서울특별시 마포구 합정동 386-40번지 1층 ,서울특별시 마포구 양화로3길 37-1 1층 (합정동),서울 마포구 양화로3길,4025,참숯화로양고기전문점,I,2018.8.31 23:59,한식,
1,영업/정상,영업,02-979-0996,121896,서울특별시 마포구 서교동 476-32번지 ,서울특별시 마포구 월드컵로10길 15 1층 (서교동),서울 마포구 월드컵로10길,4004,참숲,I,2019.10.17 0:22,기타,
1,영업/정상,영업,02-706-2432,121875,서울특별시 마포구 용강동 43-2번지 ,서울특별시 마포구 토정로 311 (용강동),서울 마포구 토정로,4166,참식당생대구전문점,I,2018.8.31 23:59,한식,
1,영업/정상,영업,,121802,서울특별시 마포구 공덕동 119-41번지 ,서울특별시 마포구 만리재옛길 43,서울 마포구 만리재옛길,4210,참좋은식사,I,2018.8.31 23:59,한식,
1,영업/정상,영업,02-706-6956,121130,서울특별시 마포구 구수동 57-11번지 1층일부 ,서울특별시 마포구 창전로 40-1 (구수동 1층일부),서울 마포구 창전로,4087,참참치킨 구수점,I,2018.8.31 23:59,호프/통닭,
1,영업/정상,영업,02-338-4806,121893,서울특별시 마포구 서교동 372-5 2층,서울특별시 마포구 양화로 100-10 (서교동2층),서울 마포구 양화로,4038,참치가 서교본점,U,2020.12.3 23:04,일식,
1,영업/정상,영업,02-6393-5223,121904,서울특별시 마포구 상암동 1601 KGIT201호202호203호,서울특별시 마포구 월드컵북로 402 (상암동 KGIT201호202호203호),서울 마포구 월드컵북로,3925,참치공방 상암점,U,2019.10.31 23:08,일식,
1,영업/정상,영업,02-3143-6946,121230,서울특별시 마포구 망원동 475-56번지 1층 ,서울특별시 마포구 방울내로 74 (망원동1층),서울 마포구 방울내로,3964,광참치,I,2018.8.31 23:59,한식,
1,영업/정상,영업,,121841,서울특별시 마포구 서교동 494,서울특별시 마포구 양화로 72 효성해링턴타워101동 제1층 129호 (서교동),서울 마포구 양화로,4044,참치야,I,2020.10.31 22:04,일식,
1,영업/정상,영업,02-363-1961,121803,서울특별시 마포구 공덕동 242-71번지 소담빌딩 ,서울특별시 마포구 마포대로12길 36 소담빌딩 2층 (공덕동),서울 마포구 마포대로12길,4211,더초심,U,2019.9.18 2:40,회집,
1,영업/정상,영업,02-717-2551,121805,서울특별시 마포구 공덕동 476 공덕파크자이,서울특별시 마포구 백범로 152 102동 1층 3호 (공덕동 공덕파크자이),서울 마포구 백범로,4148,참치정육점 공덕점,U,2020.12.6 22:09,일식,
1,영업/정상,영업,02-719-5001,121875,서울특별시 마포구 용강동 43-5번지 2층 일부 ,서울특별시 마포구 토정로 307 (용강동2층 일부),서울 마포구 토정로,4166,참치천국,I,2018.8.31 23:59,일식,
1,영업/정상,영업,,121899,서울특별시 마포구 동교동 185-6번지 더피플빌딩 ,서울특별시 마포구 신촌로12길 4 더피플빌딩 1층 101호 (동교동),서울 마포구 신촌로12길,4057,참치파티,I,2020.1.8 0:23,기타,
1,영업/정상,영업,02-702-3737,121810,서울특별시 마포구 대흥동 328-34번지 ,서울특별시 마포구 독막로 248 (대흥동 1층),서울 마포구 독막로,4150,참치한판,U,2019.7.24 2:40,일식,
1,영업/정상,영업,02-303-4343,121904,서울특별시 마포구 상암동 1610번지 DDMC타워 2층 206호207호208호 ,서울특별시 마포구 매봉산로 75 DDMC타워 2층,서울 마포구 매봉산로,3926,창고43 상암점,I,2018.8.31 23:59,한식,
1,영업/정상,영업,,121816,서울특별시 마포구 동교동 147-24번지 ,서울특별시 마포구 양화로23길 22-6 지층 (동교동),서울 마포구 양화로23길,3985,창화당 연남점,I,2018.11.10 2:37,기타,
1,영업/정상,영업,02-704-5004,121140,서울특별시 마포구 신정동 28-2번지 ,서울특별시 마포구 창전로 20 (신정동 1층),서울 마포구 창전로,4093,채선당 광흥창점,U,2018.12.28 2:40,한식,
1,영업/정상,영업,02-305-5789,121835,서울특별시 마포구 상암동 1597 사보이시티디엠씨,서울특별시 마포구 월드컵북로54길 17 1층 128호 (상암동),서울 마포구 월드컵북로54길,3924,채선당 도시락&샐러드 상암점,U,2020.12.3 22:01,기타,
1,영업/정상,영업,02-312-2080,121849,서울특별시 마포구 성산동 515-32번지 월드컵주경기장 ,서울특별시 마포구 월드컵로 240 월드컵주경기장 2층 xhy30호 (성산동),서울 마포구 월드컵로,3932,채선당 행복가마솥밥 홈플러스월드컵점,I,2018.8.31 23:59,기타,
1,영업/정상,영업,,121919,서울특별시 마포구 서교동 490번지 메세나폴리스 ,서울특별시 마포구 양화로 45 지1층 B151-1호 (서교동 메세나폴리스),서울 마포구 양화로,4036,채선당 행복가마솥밥 합정메세나점,I,2019.1.26 2:21,기타,
1,영업/정상,영업,02-332-0078,121865,서울특별시 마포구 연남동 227-23번지 1층지1층 ,서울특별시 마포구 성미산로 192 (연남동1층지1층),서울 마포구 성미산로,3982,매화,U,2019.6.21 2:40,중국식,
1,영업/정상,영업,02-333-9282,121829,서울특별시 마포구 상수동 327-7 규민빌딩,서울특별시 마포구 와우산로 23 규민빌딩 지층 (상수동),서울 마포구 와우산로,4074,처갓집양념치킨 홍대점,U,2020.12.7 22:09,호프/통닭,
1,영업/정상,영업,02-713-3340,121872,서울특별시 마포구 염리동 89-2번지 1층 ,서울특별시 마포구 숭문4길 5 (염리동 1층),서울 마포구 숭문4길,4138,처갓집양념치킨 염리점,I,2018.8.31 23:59,호프/통닭,
1,영업/정상,영업,02-702-6692,121812,서울특별시 마포구 도화동 25-4번지 1층 ,서울특별시 마포구 새창로 15 (도화동1층),서울 마포구 새창로,4169,처갓집양념치킨 도화점,I,2018.8.31 23:59,호프/통닭,
1,영업/정상,영업,02-374-9374,121877,서울특별시 마포구 중동 40-12 성산2차현대아파트,서울특별시 마포구 성암로 79 성산2차현대아파트 상가 102호,서울 마포구 성암로,3944,처갓집양념치킨 상암점,U,2021.12.1 23:08,호프/통닭,
1,영업/정상,영업,02-323-8300,121848,서울특별시 마포구 성산동 279-17번지 2층 ,서울특별시 마포구 월드컵로 164 2층 (성산동),서울 마포구 월드컵로,3965,천년각,U,2020.2.14 2:40,중국식,
1,영업/정상,영업,02-3144-5737,121865,서울특별시 마포구 연남동 228-1,서울특별시 마포구 성미산로 190 (연남동 1층),서울 마포구 성미산로,3982,천리향양꼬치,U,2019.12.8 23:01,중국식,
1,영업/정상,영업,02-3144-7779,121840,서울특별시 마포구 서교동 399-24번지 2층 ,서울특별시 마포구 양화로6길 67 2층 (서교동),서울 마포구 양화로6길,4047,천리향양꼬치,I,2018.8.31 23:59,일식,
1,영업/정상,영업,02-6338-1005,121895,서울특별시 마포구 서교동 400-11번지 ,서울특별시 마포구 양화로6길 79 (서교동 1층),서울 마포구 양화로6길,4047,천사곱창 홍대2호점,U,2018.11.7 2:37,까페,
1,영업/정상,영업,02-337-9297,121838,서울특별시 마포구 서교동 358-68번지 1층일부 ,서울특별시 마포구 와우산로21길 36-4 (서교동 1층일부),서울 마포구 와우산로21길,4040,천사곱창 홍대점,I,2018.8.31 23:59,한식,
1,영업/정상,영업,02-325-2920,121839,서울특별시 마포구 서교동 391-17번지 ,서울특별시 마포구 양화로7길 12 (서교동),서울 마포구 양화로7길,4037,천이오겹살,I,2018.8.31 23:59,한식,
1,영업/정상,영업,070-8128-8856,121898,서울특별시 마포구 동교동 158-8번지 2층 ,서울특별시 마포구 월드컵북로2길 29 (동교동2층),서울 마포구 월드컵북로2길,3995,천일양꼬치양갈비 홍대역점,I,2018.8.31 23:59,한식,
1,영업/정상,영업,02-703-9598,121873,서울특별시 마포구 염리동 155-12번지 ,서울특별시 마포구 백범로 122 1층 (염리동),서울 마포구 백범로,4149,천장어,I,2018.8.31 23:59,한식,
1,영업/정상,영업,02-711-3442,121050,서울특별시 마포구 마포동 302번지 ,서울특별시 마포구 마포대로4가길 54 지상1층 (마포동),서울 마포구 마포대로4가길,4176,천지식당,I,2018.8.31 23:59,한식,
1,영업/정상,영업,02-322-1020,121820,서울특별시 마포구 망원동 401-34번지 ,서울특별시 마포구 포은로 74 1층 (망원동),서울 마포구 포은로,4014,천지양꼬치,U,2019.8.23 2:40,한식,
1,영업/정상,영업,,121819,서울특별시 마포구 동교동 203-26번지 동교동근성주택 1층 ,서울특별시 마포구 월드컵북로4길 19 1층 (동교동 동교동근성주택),서울 마포구 월드컵북로4길,3992,천하의문타로,U,2019.12.29 2:40,일식,
1,영업/정상,영업,,121880,서울특별시 마포구 창전동 3-1,"서울특별시 마포구 서강로13길 43 1, 2층 (창전동)",서울 마포구 서강로13길,4061,철길 섬소년,U,2020.12.5 23:09,중국식,
1,영업/정상,영업,02-3143-2801,121880,서울특별시 마포구 창전동 4-2,서울특별시 마포구 와우산로32길 24 1층일부 (창전동),서울 마포구 와우산로32길,4061,철길왕갈비살,U,2020.12.4 0:01,한식,
1,영업/정상,영업,02-322-1247,121883,서울특별시 마포구 합정동 411-8번지 ,서울특별시 마포구 독막로 39 2층 (합정동),서울 마포구 독막로,4047,철스뮤직,I,2019.10.31 0:23,기타,
1,영업/정상,영업,02-324-7175,121895,서울특별시 마포구 서교동 402-4번지 지하1층 ,서울특별시 마포구 양화로6길 99-3 (서교동지하1층),서울 마포구 양화로6길,4048,철인7호치킨 홍대점,U,2019.10.2 2:40,한식,
1,영업/정상,영업,02-6084-9233,121840,서울특별시 마포구 서교동 396-21번지 1층 ,서울특별시 마포구 독막로3길 24-11 1층 (서교동),서울 마포구 독막로3길,4047,철판집,I,2018.8.31 23:59,호프/통닭,
1,영업/정상,영업,,121822,서울특별시 마포구 망원동 403-1,서울특별시 마포구 포은로 96 1층 (망원동),서울 마포구 포은로,4010,첫사랑 카바레,U,2019.10.31 22:04,기타,
1,영업/정상,영업,02-3142-3331,121898,서울특별시 마포구 동교동 158-11,서울특별시 마포구 동교로 188-1 (동교동 1층),서울 마포구 동교로,3995,청기와갈비 청기와생고기2호점,U,2020.12.2 23:06,한식,
1,영업/정상,영업,02-715-1474,121875,서울특별시 마포구 용강동 45-5 1층,서울특별시 마포구 토정로 296 (용강동),서울 마포구 토정로,4165,청기와타운 마포점,U,2020.12.7 0:08,한식,
1,영업/정상,영업,02-332-8086,121887,서울특별시 마포구 합정동 426-5번지 2층3층 ,서울특별시 마포구 월드컵로 33 (합정동 2층3층),서울 마포구 월드컵로,4023,청기와회관,I,2018.8.31 23:59,한식,
1,영업/정상,영업,02-324-6289,121847,서울특별시 마포구 성산동 251-14번지 ,서울특별시 마포구 성미산로 7 1층 (성산동),서울 마포구 성미산로,3971,청년다방 망원역점,I,2019.5.19 2:20,분식,
1,영업/정상,영업,02-393-4693,121859,서울특별시 마포구 아현동 282-1 새한빌딩,서울특별시 마포구 굴레방로 13 새한빌딩 1층일부 (아현동),서울 마포구 굴레방로,4117,청년다방 아현점,U,2020.12.7 22:05,분식,
1,영업/정상,영업,02-3144-1823,121838,서울특별시 마포구 서교동 356-4번지 ,서울특별시 마포구 홍익로 25 1층 101호 (서교동),서울 마포구 홍익로,4039,청년다방 홍대로데오점,I,2019.6.14 2:21,분식,
1,영업/정상,영업,02-3144-1822,121895,서울특별시 마포구 서교동 405-2,서울특별시 마포구 어울마당로 61 2층 (서교동),서울 마포구 어울마당로,4048,청년다방 서울홍대점,U,2020.12.4 0:08,분식,
1,영업/정상,영업,010-3959-1987,121816,서울특별시 마포구 동교동 152-18번지 1층 ,서울특별시 마포구 동교로 218-1 1층 (동교동),서울 마포구 동교로,3994,청년닭발1987,I,2018.8.31 23:59,호프/통닭,
1,영업/정상,영업,02-3144-7785,121896,서울특별시 마포구 서교동 474-27,서울특별시 마포구 월드컵로14길 56 지1층 (서교동),서울 마포구 월드컵로14길,4003,청년치킨,U,2019.11.2 0:04,기타,
1,영업/정상,영업,02-717-9109,121801,서울특별시 마포구 공덕동 111-209번지 ,서울특별시 마포구 만리재로 83-1 1층 (공덕동),서울 마포구 만리재로,4208,청년피자 공덕점,I,2019.11.2 0:23,기타,
1,영업/정상,영업,02-322-2677,121842,서울특별시 마포구 서교동 465-1번지 광남벨라스아파트 ,서울특별시 마포구 동교로 126 1층 (서교동 광남벨라스아파트),서울 마포구 동교로,4030,청년피자 마포서교점,I,2019.12.19 0:23,기타,
1,영업/정상,영업,070-8808-1159,121898,서울특별시 마포구 동교동 198-31번지 ,서울특별시 마포구 동교로 219 1층 (동교동),서울 마포구 동교로,3993,청년화로1987,I,2018.8.31 23:59,한식,
1,영업/정상,영업,02-304-1145,121835,서울특별시 마포구 상암동 1597번지,서울특별시 마포구 월드컵북로54길 17 사보이시티DMC 1층 105호 (상암동),서울 마포구 월드컵북로54길,3924,청담동마녀김밥,U,2018.9.7 23:59,기타,
1,영업/정상,영업,02-707-1113,121805,서울특별시 마포구 공덕동 385-74공덕SK리더스뷰,서울특별시 마포구 백범로31길 7 상가동 B106호 (공덕동 공덕SK리더스뷰),서울 마포구 백범로31길,4147,청담동마녀김밥 공덕점,I,2019.10.30 22:02,기타,
1,영업/정상,영업,,121881,서울특별시 마포구 창전동 103,서울특별시 마포구 서강로3길 9 1층 (창전동),서울 마포구 서강로3길,4065,청담밥상,U,2019.11.2 0:03,기타,
1,영업/정상,영업,02-718-6517,121806,서울특별시 마포구 노고산동 1-6번지 ,서울특별시 마포구 백범로1길 101 1층 (노고산동),서울 마포구 백범로1길,4104,청대문집,U,2020.2.9 2:40,한식,
1,영업/정상,영업,02-332-1904,121816,서울특별시 마포구 동교동 152-11번지 ,서울특별시 마포구 동교로 220-7 1층 (동교동),서울 마포구 동교로,3994,청록양식,I,2019.4.6 2:20,기타,
1,영업/정상,영업,02-717-2117,121803,서울특별시 마포구 공덕동 242-4번지 소담빌딩 ,서울특별시 마포구 마포대로12길 34 소담빌딩 1층 101호 (공덕동),서울 마포구 마포대로12길,4211,청명,I,2019.12.8 0:23,중국식,
1,영업/정상,영업,02-304-9091,121850,서울특별시 마포구 성산동 590-1번지 두산위브센티움 2층 201~205호 ,서울특별시 마포구 월드컵로36길 14 (성산동 두산위브센티움 2층 201~205호),서울 마포구 월드컵로36길,3938,청명가,U,2019.12.1 2:40,한식,
1,영업/정상,영업,02-707-3348,121812,서울특별시 마포구 도화동 26-3,서울특별시 마포구 새창로 26 1층 (도화동),서울 마포구 새창로,4169,청산별곱,I,2019.12.7 0:08,기타,
1,영업/정상,영업,02-717-6495,121854,서울특별시 마포구 신수동 81-21번지 ,서울특별시 마포구 백범로 38-1 (신수동 지하1층),서울 마포구 백범로,4109,청석골,I,2018.8.31 23:59,한식,
1,영업/정상,영업,02-701-3797,121806,서울특별시 마포구 노고산동 31-90번지 2층203호 ,서울특별시 마포구 백범로 13 (노고산동2층203호),서울 마포구 백범로,4101,청석골감자탕순대국,U,2018.11.17 2:37,분식,
1,영업/정상,영업,02-333-9987,121824,서울특별시 마포구 망원동 436-43번지 1층일부 ,서울특별시 마포구 방울내로7길 17 (망원동 1층일부),서울 마포구 방울내로7길,3960,매콤돈까스&칡냉면 ,I,2018.8.31 23:59,한식,
1,영업/정상,영업,02-324-9295,121903,서울특별시 마포구 망원동 416-43번지 ,서울특별시 마포구 망원로 52 (망원동),서울 마포구 망원로,4008,청아라생선구이 망원점,I,2018.8.31 23:59,한식,
1,영업/정상,영업,02-332-1711,121827,서울특별시 마포구 망원동 483-23번지 1층 ,서울특별시 마포구 망원로11길 7 (망원동1층),서울 마포구 망원로11길,3964,청어람 2호점,U,2018.9.11 23:59,한식,
1,영업/정상,영업,02-332-1411,121827,서울특별시 마포구 망원동 482-3번지 1층 ,서울특별시 마포구 망원로 97 (망원동1층),서울 마포구 망원로,3963,청어람 본점,I,2018.8.31 23:59,한식,
1,영업/정상,영업,02-6053-3693,121840,서울특별시 마포구 서교동 396-61번지 기단 ,서울특별시 마포구 양화로6길 57-13 지층 B01호 (서교동 기단),서울 마포구 양화로6길,4047,청염,U,2019.11.2 2:40,기타,
1,영업/정상,영업,02-335-5224,121894,서울특별시 마포구 서교동 375-25,서울특별시 마포구 양화로15안길 19 (서교동 1층),서울 마포구 양화로15안길,4031,청운,U,2020.11.30 22:09,중국식,
1,영업/정상,영업,02-2135-7783,121816,서울특별시 마포구 동교동 152-27번지 지1층일부 ,서울특별시 마포구 동교로 220-5 (동교동 지1층일부),서울 마포구 동교로,3994,청원통닭 동교점,I,2018.8.31 23:59,호프/통닭,
1,영업/정상,영업,02-322-1788,121897,서울특별시 마포구 합정동 372-30번지 1층우측 ,서울특별시 마포구 성지1길 18 (합정동1층우측),서울 마포구 성지1길,4071,청주식당,U,2019.5.31 2:40,한식,
1,영업/정상,영업,02-337-0994,121807,서울특별시 마포구 노고산동 57-20 1층,서울특별시 마포구 신촌로18길 9 (노고산동1층),서울 마포구 신촌로18길,4058,청진동해장국 신촌점,U,2019.11.2 0:03,한식,
1,영업/정상,영업,,121835,서울특별시 마포구 상암동 1590번지 ,서울특별시 마포구 월드컵북로 434 2층 202호 203호 (상암동),서울 마포구 월드컵북로,3922,청진생대구탕,I,2018.8.31 23:59,한식,
1,영업/정상,영업,010-7433-3839,121836,서울특별시 마포구 서교동 330-54,서울특별시 마포구 와우산로29길 56-10 지층 B103호 (서교동),서울 마포구 와우산로29길,4052,청춘닭꼬치 서교점,U,2020.12.8 23:02,한식,
1,영업/정상,영업,02-702-1399,121875,서울특별시 마포구 용강동 50-4번지 ,서울특별시 마포구 토정로 308,서울 마포구 토정로,4165,청춘구락부,I,2018.8.31 23:59,한식,
1,영업/정상,영업,02-3142-5661,121865,서울특별시 마포구 연남동 255-21번지 1층 가운데 ,서울특별시 마포구 동교로39길 4 (연남동1층 가운데),서울 마포구 동교로39길,3984,청춘물약,I,2018.8.31 23:59,한식,
1,영업/정상,영업,02-3665-9292,121830,서울특별시 마포구 상암동 15-16번지 ,서울특별시 마포구 월드컵북로48길 28-5 (상암동 1층),서울 마포구 월드컵북로48길,3930,청춘소고기,U,2019.10.18 2:40,식육(숯불구이),
1,영업/정상,영업,070-4320-0420,121867,서울특별시 마포구 연남동 383-80,서울특별시 마포구 동교로46길 42-8 1층 (연남동),서울 마포구 동교로46길,3982,청춘소년,U,2019.10.31 22:05,까페,
1,영업/정상,영업,02-336-4195,121816,서울특별시 마포구 동교동 154-22번지 ,서울특별시 마포구 양화로19길 22-4 (동교동 1층),서울 마포구 양화로19길,3994,청춘연가1992,U,2019.10.30 2:40,일식,
1,영업/정상,영업,,121835,서울특별시 마포구 상암동 1292 1층,서울특별시 마포구 성암로 195-16 (상암동),서울 마포구 성암로,3930,청춘호프,U,2019.11.1 23:08,한식,
1,영업/정상,영업,02-6083-0901,121895,서울특별시 마포구 서교동 409-19,서울특별시 마포구 와우산로17길 19-9 (서교동 1층),서울 마포구 와우산로17길,4049,청포,U,2019.12.7 22:07,한식,
1,영업/정상,영업,,121803,서울특별시 마포구 공덕동 256-30번지 ,서울특별시 마포구 만리재로 23,서울 마포구 만리재로,4214,마포청학동부침개,I,2020.5.28 0:23,기타,
1,영업/정상,영업,02-334-8622,121839,서울특별시 마포구 서교동 382-14,서울특별시 마포구 동교로12길 41-13 1층 (서교동),서울 마포구 동교로12길,4035,첸토페르첸토,U,2019.11.2 0:04,기타,
1,영업/정상,영업,,121897,서울특별시 마포구 합정동 372-17번지 은혜빌딩 ,서울특별시 마포구 독막로2길 30 은혜빌딩 지층 B101호 (합정동),서울 마포구 독막로2길,4071,문학살롱 초고,I,2019.5.11 2:20,기타,
1,영업/정상,영업,25159657,121837,서울특별시 마포구 서교동 361-10번지 ,서울특별시 마포구 와우산로 72 (서교동 2층),서울 마포구 와우산로,4067,초마 홍대본점,I,2018.8.31 23:59,한식,
1,영업/정상,영업,,121825,서울특별시 마포구 망원동 435-14,서울특별시 마포구 방울내로 77 1층 (망원동),서울 마포구 방울내로,3961,초반식당,I,2019.10.31 22:05,기타,
1,영업/정상,영업,,121865,서울특별시 마포구 연남동 260-25,서울특별시 마포구 동교로36길 3 1층 (연남동),서울 마포구 동교로36길,3982,초이다이닝 연남,U,2020.12.8 22:05,외국음식전문점(인도태국등),
1,영업/정상,영업,,121803,서울특별시 마포구 공덕동 255-6번지 ,서울특별시 마포구 만리재로1길 1-2 (공덕동 1층 일부),서울 마포구 만리재로1길,4213,초장,U,2019.4.10 2:40,회집,
1,영업/정상,영업,02-322-9685,121883,서울특별시 마포구 합정동 413-16 1층,서울특별시 마포구 양화로6길 38 (합정동1층),서울 마포구 양화로6길,4046,초장집 합정점,U,2021.11.30 21:00,한식,
1,영업/정상,영업,02-716-3450,121875,서울특별시 마포구 용강동 116-4번지 1층동 ,서울특별시 마포구 토정로 278 1층동 (용강동),서울 마포구 토정로,4162,초정참숯갈비 본가,U,2020.1.5 2:40,한식,
1,영업/정상,영업,0507-1494-7017,121822,서울특별시 마포구 망원동 404-7,서울특별시 마포구 망원로6길 49 2층 (망원동),서울 마포구 망원로6길,4009,초쿤바(Chokoon Bar),U,2020.12.7 23:01,기타,
1,영업/정상,영업,02-711-8887,121826,서울특별시 마포구 망원동 471-27번지 ,서울특별시 마포구 방울내로9길 24 (망원동 1층 일부),서울 마포구 방울내로9길,3961,초한초마,I,2018.8.31 23:59,중국식,
1,영업/정상,영업,23357623,121887,서울특별시 마포구 합정동 432-4번지 1층 ,서울특별시 마포구 동교로 56-1 (합정동),서울 마포구 동교로,4022,도쿠로야,I,2018.8.31 23:59,한식,
1,영업/정상,영업,02-3663-8292,121875,서울특별시 마포구 용강동 116-1,"서울특별시 마포구 토정로 276 101,102호 (용강동)",서울 마포구 토정로,4162,촌놈숯불닭갈비 마포용강점,U,2019.12.8 22:06,한식,
1,영업/정상,영업,02-715-1158,121811,서울특별시 마포구 대흥동 801-12번지 1층 101호,서울특별시 마포구 대흥로8길 5 101호 (대흥동 1층),서울 마포구 대흥로8길,4159,총각수산 마포점,I,2018.8.31 23:59,일식,
1,영업/정상,영업,02-6398-3114,121849,서울특별시 마포구 성산동 137-1번지 1층일부 ,서울특별시 마포구 성암로3길 42 (성산동 1층일부),서울 마포구 성암로3길,3946,최가네,I,2018.8.31 23:59,한식,
1,영업/정상,영업,23388077,121835,서울특별시 마포구 망원동 57,서울특별시 마포구 월드컵로 97,서울 마포구 월드컵로,3922,최가네 꼬마김밥,I,2018.8.31 23:59,분식,
1,영업/정상,영업,02-338-7047,121828,서울특별시 마포구 상수동 280-3번지 1층동 ,서울특별시 마포구 토정로 146 1층동 (상수동),서울 마포구 토정로,4081,최가네껍데기,I,2018.8.31 23:59,한식,
1,영업/정상,영업,02-332-3646,121885,서울특별시 마포구 합정동 388-15번지 ,서울특별시 마포구 월드컵로3길 31-30 (합정동 지층),서울 마포구 월드컵로3길,4025,최강금돈까스,U,2019.4.21 2:40,기타,
1,영업/정상,영업,02-324-0100,121818,서울특별시 마포구 동교동 179-28번지 ,서울특별시 마포구 신촌로4길 3 (동교동),서울 마포구 신촌로4길,4056,최고네찜탕,I,2018.8.31 23:59,한식,
1,영업/정상,영업,02-3203-4053,121825,서울특별시 마포구 망원동 435-2 벧엘교회,서울특별시 마포구 방울내로7길 14,서울 마포구 방울내로7길,3961,최고당돈가스 망원역점,U,2020.12.5 22:03,경양식,
1,영업/정상,영업,02-335-3316,121841,서울특별시 마포구 서교동 494번지,서울특별시 마포구 양화로 72 효성 해링턴타워 1층 130호 (서교동),서울 마포구 양화로,4044,최고당돈가스 합정역점,I,2019.12.6 0:04,기타,
1,영업/정상,영업,02-333-8892,121898,서울특별시 마포구 동교동 161-15번지 ,서울특별시 마포구 월드컵북로2길 25 1층 (동교동),서울 마포구 월드컵북로2길,3995,최고집수제돼지갈비 홍대점,I,2018.8.31 23:59,한식,
1,영업/정상,영업,02-6460-0033,121872,서울특별시 마포구 염리동 148-21,서울특별시 마포구 숭문길 6 1층 (염리동),서울 마포구 숭문길,4138,최고집 염리점,U,2020.12.7 23:05,기타,
1,영업/정상,영업,02-362-1135,121861,서울특별시 마포구 아현동 600-16번지 ,서울특별시 마포구 마포대로 234 (아현동),서울 마포구 마포대로,4202,최박사순대순대국족발,I,2018.8.31 23:59,한식,
1,영업/정상,영업,02-334-9242,121867,서울특별시 마포구 연남동 373-17번지 ,서울특별시 마포구 연남로 4-1 (연남동 1층),서울 마포구 연남로,3989,최사장네 닭,I,2018.8.31 23:59,한식,
1,영업/정상,영업,,121795,서울특별시 마포구 상암동 1605 누리꿈스퀘어,서울특별시 마포구 월드컵북로 396 누리꿈스퀘어 지1층 1022호 (상암동),서울 마포구 월드컵북로,3925,최선생마라탕,U,2020.12.5 23:08,중국식,
1,영업/정상,영업,02-712-3082,121812,서울특별시 마포구 도화동 38-2,서울특별시 마포구 새창로 20 (도화동),서울 마포구 새창로,4169,최연탄 1호점,U,2020.12.6 22:03,한식,
1,영업/정상,영업,02-336-2951,121819,서울특별시 마포구 동교동 201-14번지 1층 ,서울특별시 마포구 월드컵북로4길 12 1층 (동교동),서울 마포구 월드컵북로4길,3992,최우영식당 홍대점,I,2018.8.31 23:59,일식,
1,영업/정상,영업,02-303-8065,121835,서울특별시 마포구 상암동 1486,서울특별시 마포구 월드컵북로42다길 28-7 1층 (상암동),서울 마포구 월드컵북로42다길,3930,추곱창,U,2020.12.8 23:06,기타,
1,영업/정상,영업,02-374-0892,121830,서울특별시 마포구 상암동 2-67,서울특별시 마포구 성암로 211-8 1층 (상암동),서울 마포구 성암로,3927,추돈가 본점,U,2020.11.1 22:09,기타,
1,영업/정상,영업,27047272,121870,서울특별시 마포구 염리동 8-78번지 ,서울특별시 마포구 숭문길 226 (염리동 1층),서울 마포구 숭문길,4113,추억인포차 본점,I,2018.8.31 23:59,호프/통닭,
1,영업/정상,영업,02-336-5575,121893,서울특별시 마포구 서교동 394-68 1층,서울특별시 마포구 양화로8길 14 1층 (서교동),서울 마포구 양화로8길,4044,추자로557,U,2020.12.4 0:08,호프/통닭,
1,영업/정상,영업,,121758,서울특별시 마포구 공덕동 256-13 제일빌딩,서울특별시 마포구 만리재로 15 제일빌딩 1층 118호 (공덕동),서울 마포구 만리재로,4214,춘리 마라탕,U,2021.12.1 0:05,중국식,
1,영업/정상,영업,02-322-8988,121865,서울특별시 마포구 연남동 258-1 2층,서울특별시 마포구 동교로 249 (연남동2층),서울 마포구 동교로,3984,춘리마라탕 연남점,U,2020.10.30 23:04,중국식,
1,영업/정상,영업,02-306-9992,121830,서울특별시 마포구 상암동 8-3번지 1층 ,서울특별시 마포구 매봉산로2안길 12-6 1층 (상암동),서울 마포구 매봉산로2안길,3927,춘천신숯불닭갈비,I,2018.8.31 23:59,한식,
1,영업/정상,영업,02-338-0058,121807,서울특별시 마포구 노고산동 57-18번지 1층 101102호 ,서울특별시 마포구 서강로 137-7 (노고산동1층 101102호),서울 마포구 서강로,4058,춘향골남원추어탕 신촌점,I,2018.8.31 23:59,한식,
1,영업/정상,영업,02-302-7524,121850,서울특별시 마포구 성산동 590-2번지 삼라마이다스109.110.111호 ,서울특별시 마포구 월드컵로36길 18 (성산동삼라마이다스109.110.111호),서울 마포구 월드컵로36길,3938,춘향골남원추어탕 마포구청점,I,2018.8.31 23:59,한식,
1,영업/정상,영업,02-332-5388,121899,서울특별시 마포구 동교동 185-18번지 ,서울특별시 마포구 신촌로 60 1층 (동교동),서울 마포구 신촌로,4057,취홍,I,2018.8.31 23:59,중국식,
1,영업/정상,영업,02-303-2644,121830,서울특별시 마포구 상암동 11-40번지,서울특별시 마포구 월드컵북로44길 76-11 (상암동 1층2층일부),서울 마포구 월드컵북로44길,3927,츄라우미 상암점,I,2018.8.31 23:59,한식,
1,영업/정상,영업,02-322-1335,121837,서울특별시 마포구 서교동 344-9번지,서울특별시 마포구 와우산로23길 9 칼리오페 1층 102호 (서교동),서울 마포구 와우산로23길,4055,츠케루,U,2020.3.18 2:40,기타,
1,영업/정상,영업,02-332-1655,121883,서울특별시 마포구 합정동 355-15번지 ,서울특별시 마포구 독막로8길 23 (합정동 1층),서울 마포구 독막로8길,4073,츠키젠,U,2020.5.27 2:40,일식,
1,영업/정상,영업,02-6497-5005,121847,서울특별시 마포구 성산동 258-22번지 ,서울특별시 마포구 월드컵로28길 9 1층 (성산동),서울 마포구 월드컵로28길,3970,치유소반,U,2019.9.29 2:40,한식,
1,영업/정상,영업,02-719-9993,121871,서울특별시 마포구 염리동 36-144,서울특별시 마포구 숭문길 98 상가동 115호 (염리동 마포자이3차),서울 마포구 숭문길,4127,치즈밥있슈 서강대점,U,2019.11.2 0:04,한식,
1,영업/정상,영업,,121829,서울특별시 마포구 상수동 315-8 1층,서울특별시 마포구 독막로 71 1층 (상수동),서울 마포구 독막로,4049,치치 상수점,U,2020.12.3 22:04,한식,
1,영업/정상,영업,02-324-5959,121837,서울특별시 마포구 서교동 360-19번지 1층 ,서울특별시 마포구 와우산로18길 16 1층 (서교동),서울 마포구 와우산로18길,4067,치치 서교점,I,2018.8.31 23:59,한식,
1,영업/정상,영업,02-719-7999,121811,서울특별시 마포구 대흥동 778-1번지 1층 ,서울특별시 마포구 큰우물로 18 (대흥동1층),서울 마포구 큰우물로,4159,치킨히어로 대흥점,I,2018.8.31 23:59,호프/통닭,
1,영업/정상,영업,02-322-1097,121898,서울특별시 마포구 동교동 198-7번지 ,서울특별시 마포구 동교로27길 8-3 1층 (동교동),서울 마포구 동교로27길,3993,치킨락,I,2018.8.31 23:59,호프/통닭,
1,영업/정상,영업,02-3144-2665,121869,서울특별시 마포구 연남동 566-6번지 ,서울특별시 마포구 동교로27길 62 (연남동 1층 일부),서울 마포구 동교로27길,3990,치킨마루 연남점,I,2018.8.31 23:59,통닭(치킨),
1,영업/정상,영업,02-719-9982,121810,서울특별시 마포구 대흥동 339번지 ,서울특별시 마포구 큰우물로 7 (대흥동),서울 마포구 큰우물로,4150,치킨매니아 대흥1호점,I,2018.8.31 23:59,통닭(치킨),
1,영업/정상,영업,02-322-2230,121829,서울특별시 마포구 상수동 324-1,서울특별시 마포구 독막로 76-1 1층 3호 (상수동),서울 마포구 독막로,4074,치킨매니아 상수역점,U,2020.12.8 23:00,기타,
1,영업/정상,영업,02-702-2003,121806,서울특별시 마포구 노고산동 31-102 1층,서울특별시 마포구 고산길 22 (노고산동1층),서울 마포구 고산길,4108,치킨매니아 서강대점,U,2019.11.2 0:09,통닭(치킨),
1,영업/정상,영업,02-325-1648,121885,서울특별시 마포구 합정동 387-20번지 1층 107호 ,서울특별시 마포구 양화로3길 15 (합정동1층 107호),서울 마포구 양화로3길,4025,치킨뱅이 합정점,I,2018.8.31 23:59,호프/통닭,
1,영업/정상,영업,02-338-1999,121881,서울특별시 마포구 창전동 302,서울특별시 마포구 독막로 147-6 1층 3호 (창전동),서울 마포구 독막로,4069,치킨뱅이 광흥창역점,U,2020.11.30 21:01,통닭(치킨),
1,영업/정상,영업,,121817,서울특별시 마포구 동교동 164-10번지 ,서울특별시 마포구 어울마당로 127 1층 (동교동),서울 마포구 어울마당로,4050,치킨뱅이 홍대점,I,2019.9.25 2:22,기타,
1,영업/정상,영업,070-7526-2487,121836,서울특별시 마포구 서교동 327-22 1층,서울특별시 마포구 와우산로29길 4-42 1층 (서교동),서울 마포구 와우산로29길,4052,치킨인더키친,U,2019.12.9 0:03,호프/통닭,
1,영업/정상,영업,02-703-7230,121812,서울특별시 마포구 도화동 181-9번지 1층 ,서울특별시 마포구 도화길 47-2 (도화동1층),서울 마포구 도화길,4168,치킨주막,I,2018.8.31 23:59,호프/통닭,
1,영업/정상,영업,23229784,121823,서울특별시 마포구 망원동 453-44번지,서울특별시 마포구 망원로 1,서울 마포구 망원로,3958,치킨천국,I,2018.8.31 23:59,한식,
1,영업/정상,영업,02-305-9589,121826,서울특별시 마포구 망원동 472-4번지 외1필지 1층일부(좌측) ,서울특별시 마포구 월드컵로 165 (망원동 풍전빌딩 1층일부),서울 마포구 월드컵로,3962,치킨친구 수북한도시락,I,2018.8.31 23:59,호프/통닭,
1,영업/정상,영업,02-309-9255,121877,서울특별시 마포구 중동 39-9 1층외2필지백명트랜디상가101호,서울특별시 마포구 성암로7길 22 (중동1층외2필지백명트랜디상가101호),서울 마포구 성암로7길,3941,치킨플러스 성산점,U,2020.12.3 23:08,통닭(치킨),
1,영업/정상,영업,02-713-8592,121856,서울특별시 마포구 신수동 381-3번지 ,서울특별시 마포구 토정로 213-4 (신수동 지1층일부),서울 마포구 토정로,4088,치킨플러스 신수점,U,2019.6.16 2:40,한식,
1,영업/정상,영업,02-334-8989,121893,서울특별시 마포구 서교동 370-25번지 지1층 ,서울특별시 마포구 홍익로5안길 52 지1층 (서교동),서울 마포구 홍익로5안길,4039,치킹맨,U,2019.6.30 2:40,기타,
1,영업/정상,영업,02-336-3703,121867,서울특별시 마포구 연남동 370-30번지 ,서울특별시 마포구 연남로7길 24 지1층 (연남동),서울 마포구 연남로7길,3975,북녘식당친친,I,2019.7.7 2:21,기타,
1,영업/정상,영업,010-5692-8272,121821,서울특별시 마포구 망원동 384-63 1층,서울특별시 마포구 동교로 55-12 1층 (망원동),서울 마포구 동교로,4018,칠리(chilli),U,2020.12.8 0:07,기타,
1,영업/정상,영업,,121867,서울특별시 마포구 연남동 383-82,서울특별시 마포구 동교로46길 42-5 (연남동 3층),서울 마포구 동교로46길,3982,칠링,U,2020.12.1 22:08,기타,
1,영업/정상,영업,02-333-3006,121818,서울특별시 마포구 동교동 176-5번지 ,서울특별시 마포구 신촌로4길 22-6 (동교동 지하1층 일부),서울 마포구 신촌로4길,4056,칠백식당 홍대직영점,U,2018.11.24 2:37,한식,
1,영업/정상,영업,02-711-5565,121815,서울특별시 마포구 도화동 571번지,서울특별시 마포구 도화길 43 (도화동 나눔빌딩),서울 마포구 도화길,4168,칠성상회,I,2018.8.31 23:59,한식,
1,영업/정상,영업,02-6080-2948,121895,서울특별시 마포구 서교동 400-23번지 ,서울특별시 마포구 어울마당로5길 31 지1층 (서교동),서울 마포구 어울마당로5길,4047,침사추이누들,I,2018.8.31 23:59,한식,
1,영업/정상,영업,02-393-6688,121010,서울특별시 마포구 아현동 603-55번지,서울특별시 마포구 마포대로24길 4 공덕자이아파트,서울 마포구 마포대로24길,4202,칭닌,U,2020.5.20 2:40,중국식,
1,영업/정상,영업,02-332-7924,121836,서울특별시 마포구 서교동 333-23번지 ,서울특별시 마포구 와우산로29마길 27 (서교동 2층),서울 마포구 와우산로29마길,4053,칭칭,I,2018.8.31 23:59,경양식,
1,영업/정상,영업,02-711-3575,121875,서울특별시 마포구 용강동 43-7,서울특별시 마포구 토정로 303 12층 (용강동),서울 마포구 토정로,4166,카나,U,2020.12.7 22:05,일식,
1,영업/정상,영업,02-336-4856,121884,서울특별시 마포구 합정동 363-20,서울특별시 마포구 성지1길 69 1층 (합정동),서울 마포구 성지1길,4072,카레성지,U,2020.12.4 22:08,외국음식전문점(인도태국등),
1,영업/정상,영업,0507-131-0636,121840,서울특별시 마포구 서교동 396-51번지 ,서울특별시 마포구 독막로3길 28-17 (서교동 1층일부),서울 마포구 독막로3길,4047,카레시,I,2018.8.31 23:59,외국음식전문점(인도태국등),
1,영업/정상,영업,070-8285-1858,121893,서울특별시 마포구 서교동 366-11,서울특별시 마포구 잔다리로6길 34-6 지하1층 (서교동),서울 마포구 잔다리로6길,4042,카리브사파리,I,2019.12.6 21:01,기타,
1,영업/정상,영업,0507-1485-3838,121867,서울특별시 마포구 연남동 383-23번지 1층 ,서울특별시 마포구 연희로1길 57 1층 (연남동),서울 마포구 연희로1길,3982,카멜로연남(CAMELLO),U,2020.5.31 2:40,경양식,
1,영업/정상,영업,02-322-5733,121838,서울특별시 마포구 서교동 358-39번지 지하1층 ,서울특별시 마포구 와우산로21길 28-6 (서교동지하1층),서울 마포구 와우산로21길,4040,카미야,I,2018.8.31 23:59,일식,
1,영업/정상,영업,02-6082-9595,121886,서울특별시 마포구 합정동 392-8번지 ,서울특별시 마포구 양화로1길 29 1층 (합정동),서울 마포구 양화로1길,4026,카사블랑코,I,2020.2.21 0:23,기타,
1,영업/정상,영업,02-718-6382,121806,서울특별시 마포구 노고산동 31-113번지 ,서울특별시 마포구 고산길 12 (노고산동),서울 마포구 고산길,4108,카스타운 서강대점,I,2018.8.31 23:59,분식,
1,영업/정상,영업,02-6083-2683,121865,서울특별시 마포구 연남동 260-41번지 지하1층일부좌측 ,서울특별시 마포구 동교로34길 12 (연남동 지하1층일부),서울 마포구 동교로34길,3985,카시,I,2018.8.31 23:59,한식,
1,영업/정상,영업,,121830,서울특별시 마포구 상암동 36-14,서울특별시 마포구 월드컵북로44길 63 2층 (상암동),서울 마포구 월드컵북로44길,3927,카시라,U,2020.12.5 0:05,일식,
1,영업/정상,영업,010-2973-8258,121839,서울특별시 마포구 서교동 481-10,서울특별시 마포구 동교로 112 1층 (서교동),서울 마포구 동교로,4029,카시와,U,2020.12.9 0:04,일식,
1,영업/정상,영업,010-5051-0913,121895,서울특별시 마포구 서교동 404-14 SPACE,서울특별시 마포구 독막로9길 31 SPACE 3층 (서교동),서울 마포구 독막로9길,4048,카시타 후카바 홍대점,U,2021.12.1 0:08,기타,
1,영업/정상,영업,02-712-7468,121805,서울특별시 마포구 공덕동 476번지 공덕파크자이,서울특별시 마포구 백범로 152 201동 1층 6호 (공덕동 공덕파크자이),서울 마포구 백범로,4148,카에데,I,2019.12.6 0:09,기타,
1,영업/정상,영업,02-325-5103,121886,서울특별시 마포구 합정동 392-1번지 1층일부 ,서울특별시 마포구 양화로1길 31 (합정동 1층일부),서울 마포구 양화로1길,4026,카에루,I,2018.8.31 23:59,호프/통닭,
1,영업/정상,영업,,121839,서울특별시 마포구 서교동 480-1 1층 우측,서울특별시 마포구 동교로 92 (서교동 1층 우측),서울 마포구 동교로,4029,카에주가,U,2019.12.6 23:08,호프/통닭,
1,영업/정상,영업,070-8801-2053,121842,서울특별시 마포구 서교동 465-1 광남벨라스아파트,서울특별시 마포구 동교로 126 지상1층 102호 (서교동 광남벨라스아파트),서울 마포구 동교로,4030,카와카츠,U,2020.12.5 0:05,일식,
1,영업/정상,영업,070-7543-6317,121840,서울특별시 마포구 서교동 395-154,서울특별시 마포구 양화로 78-7 1층 (서교동),서울 마포구 양화로,4043,카와카츠 오토코,U,2020.12.5 23:01,일식,
1,영업/정상,영업,23353558,121817,서울특별시 마포구 동교동 164-10번지 지층 ,서울특별시 마포구 어울마당로 127 (동교동지층),서울 마포구 어울마당로,4050,이자카야 카이,I,2018.8.31 23:59,분식,
1,영업/정상,영업,02-332-4410,121829,서울특별시 마포구 상수동 315-6번지 ,서울특별시 마포구 독막로 73 2층 (상수동),서울 마포구 독막로,4049,카이화(Kai 火),U,2019.2.20 2:40,중국식,
1,영업/정상,영업,,121886,서울특별시 마포구 합정동 390-17번지 1층 ,서울특별시 마포구 월드컵로3길 44 1층 (합정동),서울 마포구 월드컵로3길,4026,카즈,I,2018.8.31 23:59,일식,
1,영업/정상,영업,,121893,서울특별시 마포구 서교동 369-10 재륜빌딩,서울특별시 마포구 잔다리로6길 25 재륜빌딩 2층 3호 (서교동),서울 마포구 잔다리로6길,4039,1's 카츠곳간 홍대점,I,2021.12.1 0:01,일식,
1,영업/정상,영업,070-6749-3108,121867,서울특별시 마포구 연남동 390-24 j2빌딩,서울특별시 마포구 동교로38길 23 1층 (연남동),서울 마포구 동교로38길,3982,카츠만개 서울연남점,U,2021.11.30 22:09,일식,
1,영업/정상,영업,02-324-0154,121816,서울특별시 마포구 동교동 154-12번지 1층일부 ,서울특별시 마포구 월드컵북로2길 85 (동교동 1층일부),서울 마포구 월드컵북로2길,3994,카츠모토,U,2019.8.2 2:40,기타,
1,영업/정상,영업,02-338-8594,121895,서울특별시 마포구 서교동 403-6번지 ,서울특별시 마포구 어울마당로 51 2층 (서교동),서울 마포구 어울마당로,4048,카츠미 홍대본점,I,2018.8.31 23:59,일식,
1,영업/정상,영업,010-8311-7117,121836,서울특별시 마포구 서교동 325-7,서울특별시 마포구 와우산로 162-14 지1층 B101호 (서교동),서울 마포구 와우산로,4061,카츠오모이 홍대점,U,2019.11.1 0:05,기타,
1,영업/정상,영업,070-7543-8481,121803,서울특별시 마포구 공덕동 242-73,서울특별시 마포구 마포대로10길 11 1층 (공덕동),서울 마포구 마포대로10길,4211,카츠오우 공덕점,U,2020.12.6 0:06,경양식,
1,영업/정상,영업,02-336-3782,121844,서울특별시 마포구 연남동 487-113번지 ,서울특별시 마포구 성미산로 95 1층 (성산동),서울 마포구 성미산로,3977,카츠토랑,I,2019.1.10 2:20,기타,
1,영업/정상,영업,070-4187-8787,121867,서울특별시 마포구 연남동 390-30번지 ,서울특별시 마포구 동교로38길 33-15 지1층 (연남동),서울 마포구 동교로38길,3982,카쿠시타,I,2018.8.31 23:59,일식,
1,영업/정상,영업,23379033,121842,서울특별시 마포구 서교동 463-22번지 지1층일부 ,서울특별시 마포구 동교로 148-6 (서교동 지1층일부),서울 마포구 동교로,4030,카타코토,I,2018.8.31 23:59,까페,
1,영업/정상,영업,,121822,서울특별시 마포구 망원동 404-7번지 ,서울특별시 마포구 망원로6길 49 일부지1층 (망원동),서울 마포구 망원로6길,4009,카테고리나인,I,2018.8.31 23:59,기타,
1,영업/정상,영업,02-6016-0080,121835,서울특별시 마포구 상암동 1587 1층,서울특별시 마포구 월드컵북로58길 15 (상암동1층),서울 마포구 월드컵북로58길,3922,카페스탠포드 뷔페,U,2020.10.31 22:01,뷔페식,
1,영업/정상,영업,,121893,서울특별시 마포구 서교동 368-26번지 더 마운드 ,서울특별시 마포구 잔다리로6길 10 더 마운드 1층 (서교동),서울 마포구 잔다리로6길,4042,카페홍대쌀국수 홍대 2호점,I,2019.8.22 2:22,기타,
1,영업/정상,영업,070-8834-1632,121821,서울특별시 마포구 망원동 398-2번지 2층 ,서울특별시 마포구 희우정로16길 32 2층 (망원동),서울 마포구 희우정로16길,4015,카페나하,I,2018.8.31 23:59,일식,
1,영업/정상,영업,02-332-1660,121828,서울특별시 마포구 상수동 91-3번지 ,서울특별시 마포구 와우산로 51-6 (상수동 1층),서울 마포구 와우산로,4049,칸다소바 홍대점,U,2018.12.20 2:40,한식,
1,영업/정상,영업,,121894,서울특별시 마포구 서교동 379-15번지 1층 ,서울특별시 마포구 잔다리로7안길 10 (서교동 1층),서울 마포구 잔다리로7안길,4034,칼국수수제비가,I,2018.8.31 23:59,한식,
1,영업/정상,영업,02-322-2295,121817,서울특별시 마포구 동교동 163-21번지 B1동 ,서울특별시 마포구 홍익로6길 18 B1동 (동교동),서울 마포구 홍익로6길,4050,캐롤킹,I,2018.8.31 23:59,경양식,
1,영업/정상,영업,02-322-0029,121883,서울특별시 마포구 합정동 410-20번지 ,서울특별시 마포구 독막로 53 (합정동 1층일부),서울 마포구 독막로,4048,캐서린포차,I,2018.8.31 23:59,한식,
1,영업/정상,영업,,121845,서울특별시 마포구 성산동 200-49,서울특별시 마포구 월드컵북로 179 1층 (성산동),서울 마포구 월드컵북로,3947,캘리식당,I,2020.10.30 22:00,일식,
1,영업/정상,영업,02-6013-6111,121828,서울특별시 마포구 상수동 93-104,서울특별시 마포구 와우산로11길 9-4 1층 (상수동),서울 마포구 와우산로11길,4049,캠핑시티 본점,I,2019.12.8 0:07,기타,
1,영업/정상,영업,,121867,서울특별시 마포구 연남동 390-59,서울특별시 마포구 동교로38길 19 1층 (연남동),서울 마포구 동교로38길,3982,커스텀 샐러드,U,2020.12.1 0:02,분식,
1,영업/정상,영업,070-8778-6042,121856,서울특별시 마포구 신수동 421-2,서울특별시 마포구 독막로28길 58 1층 좌측 (신수동),서울 마포구 독막로28길,4088,커츠,U,2020.12.6 23:07,일식,
1,영업/정상,영업,,121895,서울특별시 마포구 서교동 408-16 지1층,서울특별시 마포구 와우산로17길 19-22 지1층 (서교동),서울 마포구 와우산로17길,4049,컨벤트펍,U,2020.12.2 22:03,호프/통닭,
1,영업/정상,영업,02-334-8292,121869,서울특별시 마포구 연남동 562-26번지 ,서울특별시 마포구 동교로27길 83 1층 (연남동),서울 마포구 동교로27길,3987,컬투치킨 연남사랑점,I,2018.8.31 23:59,호프/통닭,
1,영업/정상,영업,02-302-6870,121878,서울특별시 마포구 중동 165-9번지 1층 ,서울특별시 마포구 성암로3길 8 (중동1층),서울 마포구 성암로3길,3950,컬투치킨 성산사랑점,I,2018.8.31 23:59,호프/통닭,
1,영업/정상,영업,0507-744-9993,121880,서울특별시 마포구 창전동 5-91번지 ,서울특별시 마포구 와우산로 148-1 (창전동 1층),서울 마포구 와우산로,4059,컬투치킨 창전사랑점,I,2018.8.31 23:59,중국식,
1,영업/정상,영업,0507-744-8999,121897,서울특별시 마포구 합정동 372-21번지 ,서울특별시 마포구 성지1길 6 (합정동 1층),서울 마포구 성지1길,4071,컬투치킨 합정점,I,2018.8.31 23:59,한식,
1,영업/정상,영업,02-717-1515,121812,서울특별시 마포구 도화동 184-22번지 ,서울특별시 마포구 새창로4길 9 2층일부 (도화동),서울 마포구 새창로4길,4169,컴온캐쥬얼펍,I,2018.8.31 23:59,호프/통닭,
1,영업/정상,영업,,121806,서울특별시 마포구 노고산동 31-176번지 ,서울특별시 마포구 백범로 19 1층 (노고산동),서울 마포구 백범로,4108,KD케밥하우스,I,2019.12.1 0:23,기타,
1,영업/정상,영업,010-9809-1617,121865,서울특별시 마포구 연남동 226-21,서울특별시 마포구 성미산로 193 지1층 (연남동),서울 마포구 성미산로,3981,케이브,U,2020.12.7 23:05,기타,
1,영업/정상,영업,02-308-0323,121830,서울특별시 마포구 상암동 19-5,서울특별시 마포구 월드컵북로44길 26 1층 (상암동),서울 마포구 월드컵북로44길,3930,시래기명태가,U,2020.11.30 22:02,기타,
1,영업/정상,영업,,121919,서울특별시 마포구 서교동 490번지 메세나폴리스 ,서울특별시 마포구 양화로 45 지2층 X24YD호 (서교동 메세나폴리스),서울 마포구 양화로,4036,케이콜라보김밥 합정홈플러스점,U,2019.3.31 2:40,분식,
1,영업/정상,영업,02-717-9061,121813,서울특별시 마포구 도화동 345-4번지 1층 ,서울특별시 마포구 도화2길 3 (도화동1층),서울 마포구 도화2길,4172,코끼리즉석떡볶이,I,2018.8.31 23:59,분식,
1,영업/정상,영업,02-338-5225,121893,서울특별시 마포구 서교동 364-6,서울특별시 마포구 와우산로19길 16 (서교동 1층),서울 마포구 와우산로19길,4041,코너펍 Corner Pub,U,2020.12.4 0:06,경양식,
1,영업/정상,영업,02-333-3036,121893,서울특별시 마포구 서교동 366-28번지 ,서울특별시 마포구 잔다리로6길 28 지하1층 (서교동),서울 마포구 잔다리로6길,4042,코노미 홍대점,I,2018.8.31 23:59,일식,
1,영업/정상,영업,010-2744-2755,121848,서울특별시 마포구 성산동 275-5번지 ,서울특별시 마포구 성산로4길 9 1층 102호 (성산동),서울 마포구 성산로4길,3965,코니카페,I,2019.8.25 2:22,기타,
1,영업/정상,영업,0507-1349-4364,121840,서울특별시 마포구 서교동 396-4,서울특별시 마포구 어울마당로5길 47 2~3층 (서교동),서울 마포구 어울마당로5길,4047,코드 396-4,I,2020.12.1 0:09,기타,
1,영업/정상,영업,070-8064-1679,121820,서울특별시 마포구 망원동 57-38번지,서울특별시 마포구 월드컵로19길 14 1층 (망원동),서울 마포구 월드컵로19길,4012,코랏,I,2019.12.5 22:01,외국음식전문점(인도태국등),
1,영업/정상,영업,,121816,서울특별시 마포구 동교동 148-11번지 ,서울특별시 마포구 양화로23길 34 3층 (동교동),서울 마포구 양화로23길,3985,코르크,I,2018.8.31 23:59,기타,
1,영업/정상,영업,02-332-3595,121865,서울특별시 마포구 연남동 227-1번지 1층 ,서울특별시 마포구 연희로 35 (연남동1층),서울 마포구 연희로,3982,코리아식당,I,2018.8.31 23:59,한식,
1,영업/정상,영업,02-325-8118,121883,서울특별시 마포구 합정동 354-2번지 1층 일부 ,서울특별시 마포구 독막로 54 (합정동1층 일부),서울 마포구 독막로,4073,코리아식당 홍대점,I,2018.8.31 23:59,한식,
1,영업/정상,영업,02-704-0010,121807,서울특별시 마포구 노고산동 106-83,서울특별시 마포구 백범로2길 12 1층 (노고산동),서울 마포구 백범로2길,4100,코리엔탈깻잎두마리치킨 신촌점,U,2020.12.5 23:09,호프/통닭,
1,영업/정상,영업,02-3144-3335,121886,서울특별시 마포구 합정동 392-12,서울특별시 마포구 양화로1길 25-3 지1층 (합정동),서울 마포구 양화로1길,4026,코바시,U,2021.12.2 0:08,일식,
1,영업/정상,영업,070-4100-0088,121822,서울특별시 마포구 망원동 404-3,서울특별시 마포구 포은로5길 7 1층 (망원동),서울 마포구 포은로5길,4009,코브라파스타클럽,U,2020.11.30 22:01,경양식,
1,영업/정상,영업,070-7789-6402,121816,서울특별시 마포구 동교동 113-72,서울특별시 마포구 연희로1길 28-9 지하1층 (동교동),서울 마포구 연희로1길,3985,코스모더케이브,U,2020.12.3 22:00,기타,
1,영업/정상,영업,,121895,서울특별시 마포구 서교동 402-14 경일빌딩,서울특별시 마포구 독막로9길 14 경일빌딩 1층 (서교동),서울 마포구 독막로9길,4048,꼬이,I,2020.11.30 23:03,외국음식전문점(인도태국등),
1,영업/정상,영업,02-704-0104,121804,서울특별시 마포구 공덕동 272-4번지 ,서울특별시 마포구 마포대로11길 7-8 (공덕동 1~2층),서울 마포구 마포대로11길,4142,코이키,I,2018.8.31 23:59,일식,
1,영업/정상,영업,,121829,서울특별시 마포구 상수동 312-4번지 ,서울특별시 마포구 와우산로11길 28 지층 (상수동),서울 마포구 와우산로11길,4049,코카이라멘,I,2019.10.24 0:22,기타,
1,영업/정상,영업,02-711-5597,121854,서울특별시 마포구 신수동 10-2번지 ,서울특별시 마포구 백범로 68 (신수동),서울 마포구 백범로,4110,코코가츠,U,2018.12.21 2:40,한식,
1,영업/정상,영업,,121849,서울특별시 마포구 성산동 526-8,서울특별시 마포구 월드컵로 240 월드컵주경기장 2층 XGY29호 (성산동),서울 마포구 월드컵로,3932,코코로벤또 홈플러스월드컵점,I,2018.8.31 23:59,일식,
1,영업/정상,영업,02-2197-0203,121812,서울특별시 마포구 도화동 25-66,서울특별시 마포구 마포대로 92 (도화동 효성해링턴스퀘어B블럭-가동 1층일부),서울 마포구 마포대로,4168,코코로벤또 마포공덕점,U,2019.12.6 23:00,일식,
1,영업/정상,영업,23045514,121904,서울특별시 마포구 상암동 1603번지 ,서울특별시 마포구 성암로 267 B1층 118호 (상암동),서울 마포구 성암로,3925,코코이찌방야 상암MBC점,I,2018.8.31 23:59,일식,
1,영업/정상,영업,02-354-5510,121841,서울특별시 마포구 서교동 490번지 ,서울특별시 마포구 양화로 45 지상2층 (서교동),서울 마포구 양화로,4036,코코이찌방야 합정역 메세나폴리스점,I,2018.8.31 23:59,한식,
1,영업/정상,영업,02-717-4437,121070,서울특별시 마포구 용강동 508번지 e편한세상 마포3차 ,서울특별시 마포구 토정로31길 24 지하1층 B118호 (용강동 e편한세상 마포3차),서울 마포구 토정로31길,4166,코타이 키친,I,2020.2.19 0:23,외국음식전문점(인도태국등),
1,영업/정상,영업,,121840,서울특별시 마포구 서교동 396-51번지,서울특별시 마포구 독막로3길 28-17 1층일부층 (서교동),서울 마포구 독막로3길,4047,코테츠,U,2019.12.5 22:04,기타,
1,영업/정상,영업,02-323-6693,121801,서울특별시 마포구 연남동 390-31번지,서울특별시 마포구 동교로38길 27-12,서울 마포구 동교로38길,4207,코퍼,I,2019.3.8 2:21,기타,
1,영업/정상,영업,02-332-5868,121836,서울특별시 마포구 서교동 327-23번지 ,서울특별시 마포구 와우산로29길 4-40 (서교동 1층),서울 마포구 와우산로29길,4052,코하루야,U,2019.3.14 2:40,일식,
1,영업/정상,영업,010-9632-4210,121867,서울특별시 마포구 연남동 373-18,서울특별시 마포구 동교로 227-1 (일부) 지1층 (연남동),서울 마포구 동교로,3989,콘티키빠,U,2020.12.4 22:02,경양식,
1,영업/정상,영업,02-336-4489,121883,서울특별시 마포구 합정동 413-18,서울특별시 마포구 양화로6길 32 2층 (합정동),서울 마포구 양화로6길,4046,콤피,U,2020.12.7 22:00,기타,
1,영업/정상,영업,02-304-1498,121830,서울특별시 마포구 상암동 35-3번지 2층 ,서울특별시 마포구 월드컵북로44길 45 (상암동2층),서울 마포구 월드컵북로44길,3930,콩고을,I,2018.8.31 23:59,한식,
1,영업/정상,영업,02-6052-6267,121896,서울특별시 마포구 서교동 442-1번지 1층 ,서울특별시 마포구 성미산로2길 33 (서교동1층),서울 마포구 성미산로2길,3996,콩고을 본점,I,2018.8.31 23:59,한식,
1,영업/정상,영업,27172828,121803,서울특별시 마포구 공덕동 252-5번지 ,서울특별시 마포구 마포대로 144 지하1층 (공덕동),서울 마포구 마포대로,4212,콩마루,I,2018.8.31 23:59,한식,
1,영업/정상,영업,02-3144-1808,121893,서울특별시 마포구 서교동 369-7번지 1층 ,서울특별시 마포구 잔다리로6길 35 (서교동1층),서울 마포구 잔다리로6길,4039,콩불 홍대2호점,U,2019.5.17 2:40,한식,
1,영업/정상,영업,02-322-3545,121837,서울특별시 마포구 서교동 345-2번지 1층 ,서울특별시 마포구 어울마당로 118 (서교동1층),서울 마포구 어울마당로,4055,콩불 홍대점,I,2018.8.31 23:59,한식,
1,영업/정상,영업,070-7576-4434,121888,서울특별시 마포구 합정동 438-22번지 1층 ,서울특별시 마포구 포은로 29-1 (합정동 1층),서울 마포구 포은로,4020,콩청대,U,2019.11.14 2:40,한식,
1,영업/정상,영업,02-323-0045,121867,서울특별시 마포구 연남동 390-35 지빌딩,서울특별시 마포구 동교로38길 33 지빌딩 지1층 2호 (연남동),서울 마포구 동교로38길,3982,쿄다이 텐동,U,2020.10.30 23:06,일식,
1,영업/정상,영업,02-6338-8043,121867,서울특별시 마포구 연남동 385-4번지 ,서울특별시 마포구 동교로46길 25 지층 (연남동),서울 마포구 동교로46길,3982,쿄라멘,I,2020.1.22 0:23,기타,
1,영업/정상,영업,02-717-2427,121806,서울특별시 마포구 노고산동 31-76 3층,서울특별시 마포구 고산길 13 3층 (노고산동),서울 마포구 고산길,4102,쿠라,U,2020.12.5 22:04,호프/통닭,
1,영업/정상,영업,070-8161-7315,121867,서울특별시 마포구 연남동 390-51번지 ,서울특별시 마포구 동교로 242-13 (연남동 2층),서울 마포구 동교로,3982,쿠루미,I,2018.8.31 23:59,일식,
1,영업/정상,영업,,121836,서울특별시 마포구 서교동 332-23번지 지1층 ,서울특별시 마포구 와우산로29바길 5-3 (서교동지1층),서울 마포구 와우산로29바길,4053,쿠바왕,I,2018.8.31 23:59,까페,
1,영업/정상,영업,02-2132-8822,121795,서울특별시 마포구 상암동 1605 누리꿈스퀘어,서울특별시 마포구 월드컵북로 396 누리꿈스퀘어 B1050호 (상암동),서울 마포구 월드컵북로,3925,쿠벤 상암점,U,2020.12.4 21:00,일식,
1,영업/정상,영업,010-2613-6577,121816,서울특별시 마포구 동교동 152-18번지 ,서울특별시 마포구 동교로 218-1 지하층 (동교동),서울 마포구 동교로,3994,쿠시노주방,I,2018.8.31 23:59,일식,
1,영업/정상,영업,02-333-2650,121829,서울특별시 마포구 상수동 341-5번지 ,서울특별시 마포구 와우산로3길 13 1층 (상수동),서울 마포구 와우산로3길,4074,쿠시무라,I,2018.8.31 23:59,한식,
1,영업/정상,영업,02-322-6928,121841,서울특별시 마포구 서교동 487번지 ,서울특별시 마포구 월드컵북로5나길 18 (서교동 대우미래사랑 1층 108호),서울 마포구 월드컵북로5나길,4002,쿠시카츠쿠시엔,I,2018.8.31 23:59,기타,
1,영업/정상,영업,02-332-3889,121865,서울특별시 마포구 연남동 228-39번지 지하1층일부 ,서울특별시 마포구 동교로 256-4 지하1층일부 (연남동),서울 마포구 동교로,3982,쿠시파파,I,2018.11.3 2:37,기타,
1,영업/정상,영업,02-303-6274,121904,서울특별시 마포구 상암동 1615 PARK M,서울특별시 마포구 매봉산로 80 PARK M 지1층 1~10호 (상암동),서울 마포구 매봉산로,3927,쿠우쿠우 상암점,U,2020.12.4 22:08,뷔페식,
1,영업/정상,영업,02-3275-0008,121870,서울특별시 마포구 염리동 9-32번지 ,서울특별시 마포구 숭문16길 10 (염리동),서울 마포구 숭문16길,4122,쿠웨이트떡볶이 이대점,U,2019.11.14 2:40,호프/통닭,
1,영업/정상,영업,02-332-9215,121883,서울특별시 마포구 합정동 413-16번지 2층 ,서울특별시 마포구 양화로6길 38 (합정동 2층),서울 마포구 양화로6길,4046,쿠이신보,I,2018.8.31 23:59,일식,
1,영업/정상,영업,23322155,121919,서울특별시 마포구 서교동 490 메세나폴리스,서울특별시 마포구 양화로 45 B152B153B153-1호 (서교동 메세나폴리스),서울 마포구 양화로,4036,쿠차라 합정역점,U,2020.12.5 0:08,경양식,
1,영업/정상,영업,27045399,121811,서울특별시 마포구 대흥동 405-6,서울특별시 마포구 백범로16길 25 (대흥동 1층),서울 마포구 백범로16길,4151,쿠츠 고이짱,U,2021.12.1 23:03,한식,
1,영업/정상,영업,02-307-0626,121904,서울특별시 마포구 상암동 1603 (주)문화방송,서울특별시 마포구 성암로 267 MBC상암사옥 방송센터 1층 106호 (상암동),서울 마포구 성암로,3925,퀴즈노스서브 상암MBC점,U,2020.12.4 22:01,기타,
1,영업/정상,영업,070-8954-6324,121895,서울특별시 마포구 서교동 407-16번지 1층 ,서울특별시 마포구 와우산로17길 20 (서교동1층),서울 마포구 와우산로17길,4049,퀸스헤드,I,2018.8.31 23:59,중국식,
1,영업/정상,영업,02-323-0029,121842,서울특별시 마포구 서교동 461-8 1층,서울특별시 마포구 동교로 133 1층 (서교동),서울 마포구 동교로,4002,허니큐브,U,2020.12.8 0:06,일식,
1,영업/정상,영업,02-3143-5577,121822,서울특별시 마포구 망원동 414-24번지 ,서울특별시 마포구 망원로8길 27 (망원동 1층 일부),서울 마포구 망원로8길,4011,큐스닭강정,I,2018.8.31 23:59,통닭(치킨),
1,영업/정상,영업,02-334-0892,121825,서울특별시 마포구 망원동 453-43,서울특별시 마포구 망원로 3-1 (망원동 1층 일부),서울 마포구 망원로,3954,큐큐치킨,U,2020.12.5 22:03,통닭(치킨),
1,영업/정상,영업,02-702-0716,121812,서울특별시 마포구 도화동 195-5,서울특별시 마포구 도화4길 17 1층 (도화동),서울 마포구 도화4길,4169,크래프트헌터,U,2020.12.6 23:06,기타,
1,영업/정상,영업,02-3144-7499,121865,서울특별시 마포구 연남동 227-1번지 ,서울특별시 마포구 연희로 35 2층 (연남동),서울 마포구 연희로,3982,크래프트원,I,2020.1.22 0:23,기타,
1,영업/정상,영업,,121816,서울특별시 마포구 동교동 147-22,서울특별시 마포구 양화로23길 22 (동교동),서울 마포구 양화로23길,3985,크래프트한스 연남직영점,U,2020.11.1 23:08,기타,
1,영업/정상,영업,070-8621-7219,121886,서울특별시 마포구 합정동 391-5,서울특별시 마포구 포은로2나길 44 1층 (합정동),서울 마포구 포은로2나길,4026,크레이지카츠,U,2019.10.31 22:06,일식,
1,영업/정상,영업,02-2197-1860,121812,서울특별시 마포구 도화동 25-66번지,서울특별시 마포구 마포대로 92 효성해링턴 스퀘어 B동 1층 17호 (도화동),서울 마포구 마포대로,4168,크레이지후라이 공덕역점,U,2019.12.6 23:00,기타,
1,영업/정상,영업,27169897,121812,서울특별시 마포구 도화동 179-13,서울특별시 마포구 도화길 35 (도화동),서울 마포구 도화길,4168,크레프트한스 마포점,U,2019.11.1 21:00,한식,
1,영업/정상,영업,,121847,서울특별시 마포구 성산동 244-9번지 ,서울특별시 마포구 성미산로 33 (성산동),서울 마포구 성미산로,3968,크로바,U,2019.6.2 2:40,분식,
1,영업/정상,영업,010-6269-4568,121828,서울특별시 마포구 상수동 146-17,서울특별시 마포구 와우산로 39-6 1층 (상수동),서울 마포구 와우산로,4049,크로우(crow),U,2020.12.7 22:07,경양식,
1,영업/정상,영업,27073352,121812,서울특별시 마포구 도화동 6-51번지 ,서울특별시 마포구 도화길 26 (도화동),서울 마포구 도화길,4172,크롬바커 마포점,I,2018.8.31 23:59,경양식,
1,영업/정상,영업,,121867,서울특별시 마포구 연남동 373-10번지 ,서울특별시 마포구 동교로 227-11 3층 (연남동),서울 마포구 동교로,3989,크루이프14살롱,I,2018.8.31 23:59,기타,
1,영업/정상,영업,02-333-1281,121888,서울특별시 마포구 합정동 473 마포 한강 2차 푸르지오,"서울특별시 마포구 월드컵로3길 14 딜라이트스퀘어 2차 지하1층 161,162호",서울 마포구 월드컵로3길,4024,크리스피프레쉬 합정점,U,2020.11.30 21:00,기타,
1,영업/정상,영업,02-336-2020,121893,서울특별시 마포구 서교동 370-5번지 ,서울특별시 마포구 홍익로5길 45 2층 (서교동),서울 마포구 홍익로5길,4039,크림LP바,I,2020.1.2 0:23,기타,
1,영업/정상,영업,02-714-2988,121807,서울특별시 마포구 노고산동 107-11번지 외1필지 1층 ,서울특별시 마포구 백범로2길 8 (노고산동 1층),서울 마포구 백범로2길,4100,큰맘할매순대국 신촌점,I,2018.8.31 23:59,한식,
1,영업/정상,영업,02-336-8221,121893,서울특별시 마포구 서교동 365-26번지 2층 ,서울특별시 마포구 홍익로3길 15 (서교동2층),서울 마포구 홍익로3길,4039,큰맘할매순대국 홍대점,I,2018.8.31 23:59,한식,
1,영업/정상,영업,070-4098-8088,121130,서울특별시 마포구 구수동 10-5번지 ,서울특별시 마포구 독막로 178 1층 (구수동),서울 마포구 독막로,4087,큰맘할매순대국 광흥창역점,I,2018.11.30 2:20,기타,
1,영업/정상,영업,010-6587-1985,121840,서울특별시 마포구 서교동 395-79번지 지하1층 ,서울특별시 마포구 독막로7길 49 (서교동 지하1층),서울 마포구 독막로7길,4043,클라레,I,2018.8.31 23:59,경양식,
1,영업/정상,영업,070-8808-3366,121803,서울특별시 마포구 공덕동 232-10번지 ,서울특별시 마포구 마포대로11길 21 1층 (공덕동),서울 마포구 마포대로11길,4142,클래식햄버거,I,2019.5.2 2:20,기타,
1,영업/정상,영업,02-6465-2226,121867,서울특별시 마포구 연남동 383-95번지 ,서울특별시 마포구 연희로1길 65 지하1층일부 (연남동),서울 마포구 연희로1길,3982,클래식당,I,2018.8.31 23:59,경양식,
1,영업/정상,영업,,121867,서울특별시 마포구 연남동 383-100,서울특별시 마포구 연희로1길 63 1층 (연남동),서울 마포구 연희로1길,3982,클래식당2nd,I,2020.11.2 0:04,기타,
1,영업/정상,영업,070-4467-3377,121836,서울특별시 마포구 서교동 337-1번지 ,서울특별시 마포구 와우산로29길 9 1층 1호 (서교동),서울 마포구 와우산로29길,4053,키노키친,I,2019.9.13 2:22,기타,
1,영업/정상,영업,02-333-3466,121893,서울특별시 마포구 서교동 394-16 1 2층,서울특별시 마포구 양화로6길 35 (서교동 1 2층),서울 마포구 양화로6길,4044,키쉬미뇽,U,2021.12.1 22:05,경양식,
1,영업/정상,영업,,121836,서울특별시 마포구 서교동 327-46번지 지하1층 ,서울특별시 마포구 와우산로29길 4-15 (서교동 지하1층),서울 마포구 와우산로29길,4052,키오쿠,I,2018.8.31 23:59,한식,
1,영업/정상,영업,02-3273-0662,121875,서울특별시 마포구 용강동 26-4번지 ,서울특별시 마포구 토정로37길 19 (용강동 2층),서울 마포구 토정로37길,4166,키움참치 마포역점,I,2018.8.31 23:59,일식,
1,영업/정상,영업,02-333-0881,121820,서울특별시 마포구 망원동 373-5,서울특별시 마포구 월드컵로 89 2층 (망원동),서울 마포구 월드컵로,4012,키움참치 망원점,U,2019.10.31 22:07,일식,
1,영업/정상,영업,02-332-3788,121819,서울특별시 마포구 동교동 204-22번지 2층 ,서울특별시 마포구 동교로27길 21 2층 (동교동),서울 마포구 동교로27길,3993,키움참치 홍대점,I,2018.8.31 23:59,경양식,
1,영업/정상,영업,02-333-1511,121842,서울특별시 마포구 서교동 466-5 대창빌딩,서울특별시 마포구 잔다리로 77 대창빌딩 1층 101호 (서교동),서울 마포구 잔다리로,4029,키움초밥,I,2019.12.8 0:02,기타,
1,영업/정상,영업,02-324-6669,121836,서울특별시 마포구 서교동 331-2번지,서울특별시 마포구 와우산로29바길 6 (서교동 지하1층),서울 마포구 와우산로29바길,4053,키즈나,U,2019.12.5 22:05,일식,
1,영업/정상,영업,02-325-0485,121840,서울특별시 마포구 서교동 399-24번지 ,서울특별시 마포구 양화로6길 67 (서교동 1층 우측),서울 마포구 양화로6길,4047,키친485,U,2019.1.17 2:40,양식,
1,영업/정상,영업,,121865,서울특별시 마포구 연남동 228-32,서울특별시 마포구 동교로 256-10 1층 (연남동),서울 마포구 동교로,3982,키친숲,U,2020.11.30 23:05,일식,
1,영업/정상,영업,02-332-1183,121867,서울특별시 마포구 연남동 390-42번지 ,서울특별시 마포구 동교로38길 35 2층 (연남동),서울 마포구 동교로38길,3982,키햐아 연남점,U,2019.9.21 2:40,일식,
1,영업/정상,영업,070-7778-6167,121867,서울특별시 마포구 연남동 373-10번지 2층 ,서울특별시 마포구 동교로 227-11 2층 (연남동),서울 마포구 동교로,3989,킨지 연남점,U,2019.12.11 2:40,일식,
1,영업/정상,영업,02-303-8908,121879,서울특별시 마포구 중동 386-13 A동B동,서울특별시 마포구 모래내로9길 27 A동 1층 1호 (중동 A동B동),서울 마포구 모래내로9길,3949,킬러피자,I,2019.10.31 22:02,기타,
1,영업/정상,영업,,121120,서울특별시 마포구 현석동 4-4번지 ,서울특별시 마포구 토정로 208 1층 (현석동),서울 마포구 토정로,4092,킴스맘,I,2019.6.11 2:21,기타,
1,영업/정상,영업,02-719-3392,121815,서울특별시 마포구 도화동 536번지 ,서울특별시 마포구 토정로37길 46 (도화동 정우상가 지하1층 25호),서울 마포구 토정로37길,4157,킹왕짱라볶이,I,2018.8.31 23:59,분식,
1,영업/정상,영업,02-707-0111,121873,서울특별시 마포구 염리동 157-3 참진빌딩,서울특별시 마포구 백범로 134 참진빌딩 1층 (염리동),서울 마포구 백범로,4149,킹콩부대찌개 마포대흥오남매행복점,I,2019.10.30 22:08,기타,
1,영업/정상,영업,02-715-8885,121815,서울특별시 마포구 도화동 571번지 나눔빌딩 2층 206호 ,서울특별시 마포구 도화길 43 2층 206호 (도화동),서울 마포구 도화길,4168,킹콩부대찌개 마포도화점,I,2018.8.31 23:59,한식,
1,영업/정상,영업,02-6012-9677,121130,서울특별시 마포구 구수동 44-1번지 1층일부 ,서울특별시 마포구 토정로 197 (구수동 1층일부),서울 마포구 토정로,4087,킹콩부대찌개 마포광흥창점,I,2018.8.31 23:59,한식,
1,영업/정상,영업,02-372-2009,121835,서울특별시 마포구 상암동 1597번지 사보이시티디엠씨 B118호B119호 ,서울특별시 마포구 월드컵북로54길 17 (상암동 사보이시티디엠씨 B118호B119호),서울 마포구 월드컵북로54길,3924,킹콩부대찌개 마포상암점,I,2018.8.31 23:59,한식,
1,영업/정상,영업,,121817,서울특별시 마포구 동교동 163-2번지 ,서울특별시 마포구 어울마당로 115-1 123층 (동교동),서울 마포구 어울마당로,4050,킹콩크루2020킹콩포차,U,2019.9.12 2:40,호프/통닭,
1,영업/정상,영업,02-333-6204,121848,서울특별시 마포구 성산동 293-2 1층 일부,서울특별시 마포구 성미산로 12 (성산동 1층 일부),서울 마포구 성미산로,3996,킹타코,U,2020.12.2 23:03,일식,
1,영업/정상,영업,02-336-8582,121828,서울특별시 마포구 상수동 93-44번지 ,서울특별시 마포구 와우산로 50 2층 (상수동),서울 마포구 와우산로,4068,타로야,U,2019.2.9 2:40,일식,
1,영업/정상,영업,,121836,서울특별시 마포구 서교동 335-32번지 ,서울특별시 마포구 와우산로29다길 11-1 지하1층 (서교동),서울 마포구 와우산로29다길,4053,텟판타마고,I,2018.8.31 23:59,일식,
1,영업/정상,영업,02-322-2786,121839,서울특별시 마포구 서교동 382-8번지 ,서울특별시 마포구 양화로7길 47 (서교동 1층),서울 마포구 양화로7길,4035,타마시,I,2018.8.31 23:59,일식,
1,영업/정상,영업,070-4647-0447,121816,서울특별시 마포구 동교동 147-50번지,서울특별시 마포구 양화로23길 (동교동),서울 마포구 양화로23길,3985,타스,I,2019.2.17 2:21,기타,
1,영업/정상,영업,010-4148-1209,121893,서울특별시 마포구 서교동 394-93 2층,서울특별시 마포구 양화로6길 19 2층 (서교동),서울 마포구 양화로6길,4044,합정 타오마라탕,U,2019.12.8 22:04,한식,
1,영업/정상,영업,,121854,서울특별시 마포구 신수동 88-32번지 ,서울특별시 마포구 광성로4길 11-8 (신수동 1층일부),서울 마포구 광성로4길,4096,타일,I,2018.8.31 23:59,호프/통닭,
1,영업/정상,영업,,121867,서울특별시 마포구 연남동 383-82번지 신박사빌딩 ,서울특별시 마포구 동교로46길 42-5 신박사빌딩 지하1층 좌측호 (연남동),서울 마포구 동교로46길,3982,타임코스모스,I,2018.8.31 23:59,일식,
1,영업/정상,영업,02-6012-3331,121840,서울특별시 마포구 서교동 396-28번지 1층일부 ,서울특별시 마포구 독막로3길 24-6 (서교동 1층일부),서울 마포구 독막로3길,4047,타치가와텐,I,2018.8.31 23:59,까페,
1,영업/정상,영업,,121816,서울특별시 마포구 동교동 154-9번지,서울특별시 마포구 월드컵북로2길 93 (동교동 1층일부),서울 마포구 월드컵북로2길,3994,타코델리오,I,2018.8.31 23:59,외국음식전문점(인도태국등),
1,영업/정상,영업,,121839,서울특별시 마포구 서교동 481-8 고니빌딩,서울특별시 마포구 동교로 108 고니빌딩 1층 (서교동),서울 마포구 동교로,4029,타프,U,2020.12.4 22:00,경양식,
1,영업/정상,영업,02-324-7801,121893,서울특별시 마포구 서교동 369-10번지 ,서울특별시 마포구 잔다리로6길 25 (서교동 지하1층),서울 마포구 잔다리로6길,4039,탄탄면공방 홍대본점,U,2019.5.11 2:40,까페,
1,영업/정상,영업,070-4063-3219,121867,서울특별시 마포구 연남동 381-15,서울특별시 마포구 동교로32길 19,서울 마포구 동교로32길,3985,탐키친,U,2020.12.1 0:09,기타,
1,영업/정상,영업,02-336-8488,121896,서울특별시 마포구 서교동 440-5번지 명빌딩 ,서울특별시 마포구 월드컵로 94 명빌딩 1층 (서교동),서울 마포구 월드컵로,3996,탐나종합어시장 망원역점,U,2019.9.25 2:40,기타,
1,영업/정상,영업,,121829,서울특별시 마포구 상수동 334-13,서울특별시 마포구 와우산로3길 16,서울 마포구 와우산로3길,4074,탐라바당,U,2019.10.31 22:01,한식,
1,영업/정상,영업,23339965,121895,서울특별시 마포구 서교동 407-25,서울특별시 마포구 잔다리로 9 (서교동 2층),서울 마포구 잔다리로,4049,탐라포차 홍대입구점,U,2020.12.6 22:02,호프/통닭,
1,영업/정상,영업,,121889,서울특별시 마포구 망원동 205,서울특별시 마포구 마포나루길 435 1층 103호 (망원동),서울 마포구 마포나루길,4005,탐스바베큐 TOM'S B.B.Q),I,2020.11.1 0:07,호프/통닭,
1,영업/정상,영업,02-336-6830,121818,서울특별시 마포구 동교동 177-22번지 ,서울특별시 마포구 와우산로37길 46 (동교동 1층),서울 마포구 와우산로37길,4056,탐스칼국수,I,2018.8.31 23:59,까페,
1,영업/정상,영업,02-6014-7400,121818,서울특별시 마포구 동교동 178-11 1층일부,서울특별시 마포구 신촌로2안길 35 1층일부 (동교동),서울 마포구 신촌로2안길,4056,탐스피자,U,2020.11.30 22:09,경양식,
1,영업/정상,영업,02-392-3989,121836,서울특별시 마포구 서교동 328-69번지 ,서울특별시 마포구 와우산로29길 48-6 (서교동 지1층일부),서울 마포구 와우산로29길,4052,탐탐오향족발,U,2019.2.28 2:40,한식,
1,영업/정상,영업,070-8156-0930,121865,서울특별시 마포구 연남동 260-2번지 ,서울특별시 마포구 동교로38길 12 (연남동 지하1층일부),서울 마포구 동교로38길,3982,탐파 연남점,I,2018.8.31 23:59,경양식,
1,영업/정상,영업,02-333-4407,121868,서울특별시 마포구 연남동 487-378번지 지층 일부 ,서울특별시 마포구 성미산로 97 (연남동),서울 마포구 성미산로,3977,탕탕,I,2018.8.31 23:59,한식,
1,영업/정상,영업,02-846-8666,121838,서울특별시 마포구 서교동 358-104번지 ,서울특별시 마포구 홍익로 15 2층 (서교동),서울 마포구 홍익로,4040,탕화쿵푸마라탕 홍대입구7호점,I,2019.3.9 2:21,기타,
1,영업/정상,영업,02-2197-1718,121812,서울특별시 마포구 도화동 25-13번지 효성해링턴 스퀘어 ,서울특별시 마포구 마포대로 92 효성해링턴 스퀘어 B동 1층 5호 (도화동),서울 마포구 마포대로,4168,탕화쿵푸,I,2019.5.15 2:21,기타,
1,영업/정상,영업,02-337-7707,121816,서울특별시 마포구 동교동 150-22,서울특별시 마포구 양화로23길 40 2층 (동교동),서울 마포구 양화로23길,3985,탕화쿵푸마라탕 홍대48호점,U,2020.12.2 21:01,기타,
1,영업/정상,영업,02-711-6090,121854,서울특별시 마포구 신수동 85-5번지,서울특별시 마포구 광성로6길 16,서울 마포구 광성로6안길,4096,태광식당,I,2018.8.31 23:59,한식,
1,영업/정상,영업,23651595,121859,서울특별시 마포구 아현동 291-5번지 ,서울특별시 마포구 굴레방로 19-1 (아현동),서울 마포구 굴레방로,4116,태능숯불갈비,I,2018.8.31 23:59,한식,
1,영업/정상,영업,02-715-9869,121813,서울특별시 마포구 도화동 338-1번지 ,서울특별시 마포구 도화길 22-7 (도화동 12층),서울 마포구 도화길,4172,태번89(Tavern 89),I,2018.8.31 23:59,경양식,
1,영업/정상,영업,02-364-0700,121862,서울특별시 마포구 아현동 613-6번지 ,서울특별시 마포구 마포대로 211,서울 마포구 마포대로,4117,태복,I,2019.9.4 2:22,기타,
1,영업/정상,영업,02-6953-7827,121830,서울특별시 마포구 상암동 2-89번지 1층 ,서울특별시 마포구 상암동 2-89,서울 마포구 성암로15길,3927,태성골뱅이신사,U,2019.11.2 2:40,한식,
1,영업/정상,영업,02-717-8906,121875,서울특별시 마포구 용강동 40-1번지 ,서울특별시 마포구 토정로 313 (용강동),서울 마포구 토정로,4166,태순집,I,2018.8.31 23:59,한식,
1,영업/정상,영업,02-363-7526,121859,서울특별시 마포구 아현동 282-1번지 ,서울특별시 마포구 굴레방로 13 (아현동 2층일부),서울 마포구 굴레방로,4117,태영생막창 아현점,U,2019.5.4 2:40,경양식,
1,영업/정상,영업,02-718-8558,121872,서울특별시 마포구 염리동 148-24번지 ,서울특별시 마포구 백범로 127-20 (염리동),서울 마포구 백범로,4138,태종대갈비,I,2018.8.31 23:59,한식,
1,영업/정상,영업,02-336-1333,121847,서울특별시 마포구 성산동 254-1,서울특별시 마포구 월드컵로28길 10 1층 (성산동),서울 마포구 월드컵로28길,3971,태화루,U,2019.12.8 0:08,중국식,
1,영업/정상,영업,02-2202-0105,121865,서울특별시 마포구 연남동 260-45번지 지1층 ,서울특별시 마포구 동교로34길 8 (연남동 지1층),서울 마포구 동교로34길,3985,태힐리아,I,2018.8.31 23:59,외국음식전문점(인도태국등),
1,영업/정상,영업,02-702-7890,121813,서울특별시 마포구 도화동 201-21,서울특별시 마포구 삼개로 7 2층 (도화동),서울 마포구 삼개로,4172,택이네조개전골 마포점,U,2020.12.6 22:09,기타,
1,영업/정상,영업,02-333-0650,121895,서울특별시 마포구 서교동 403-12번지 지하1층 ,서울특별시 마포구 어울마당로5길 6 지하1층 (서교동),서울 마포구 어울마당로5길,4048,터주대감,I,2018.11.16 2:37,기타,
1,영업/정상,영업,02-3142-9289,121818,서울특별시 마포구 동교동 166-3번지 1층 ,서울특별시 마포구 양화로 178-8 (동교동1층),서울 마포구 양화로,4051,털보고된이 홍대점,I,2018.8.31 23:59,한식,
1,영업/정상,영업,02-323-2777,121894,서울특별시 마포구 서교동 376-9번지 1층 일부 ,서울특별시 마포구 동교로18길 44 (서교동1층 일부),서울 마포구 동교로18길,4031,텃밭,I,2018.8.31 23:59,일식,
1,영업/정상,영업,02-338-0033,121893,서울특별시 마포구 서교동 366-12,서울특별시 마포구 아울마당로 79-1,서울 마포구 어울마당로,4042,테라김밥,U,2021.12.1 23:09,분식,
1,영업/정상,영업,02-3273-5557,121856,서울특별시 마포구 신수동 448-8,서울특별시 마포구 토정로 226 1층 (신수동),서울 마포구 토정로,4091,테이블7(TABLE7),U,2020.12.4 22:01,경양식,
1,영업/정상,영업,02-6954-0066,121816,서울특별시 마포구 동교동 150-2 연트럴타워,서울특별시 마포구 동교로30길 6 연트럴타워 1층 (동교동),서울 마포구 동교로30길,3985,테이커테이블,U,2020.12.7 22:09,경양식,
1,영업/정상,영업,010-3027-1990,121875,서울특별시 마포구 서교동 409-19번지,서울특별시 마포구 와우산로17길 19-9 2층,서울 마포구 와우산로17길,4165,텍사스몬스터,I,2018.8.31 23:59,호프/통닭,
1,영업/정상,영업,,121883,서울특별시 마포구 합정동 410-12번지 ,서울특별시 마포구 독막로7길 6 2층 (합정동),서울 마포구 독막로7길,4048,토끼굴,I,2018.8.31 23:59,까페,
1,영업/정상,영업,,121838,서울특별시 마포구 서교동 354-5 라이즈호텔,서울특별시 마포구 양화로 130 라이즈호텔 4층 (서교동),서울 마포구 양화로,4038,토끼바,U,2020.12.4 22:00,기타,
1,영업/정상,영업,02-333-0638,121893,서울특별시 마포구 서교동 366-4,서울특별시 마포구 잔다리로2길 13 1층,서울 마포구 잔다리로2길,4042,토끼정 홍대점,U,2020.11.1 0:02,한식,
1,영업/정상,영업,02-6494-0066,121830,서울특별시 마포구 상암동 36-15,서울특별시 마포구 월드컵북로44길 57-6 1층 (상암동),서울 마포구 월드컵북로44길,3927,토닭토닭숯불치킨 상암점,U,2019.10.31 22:00,기타,
1,영업/정상,영업,02-716-2295,121810,서울특별시 마포구 대흥동 327-2번지 ,서울특별시 마포구 독막로 253 (대흥동),서울 마포구 독막로,4151,토담오리숯불구이,I,2018.8.31 23:59,한식,
1,영업/정상,영업,010-6305-7749,121865,서울특별시 마포구 연남동 241-41,서울특별시 마포구 성미산로29길 40-18 Plan M 1층 (연남동),서울 마포구 성미산로29길,3980,나카지마토라에몽,U,2020.12.4 22:01,일식,
1,영업/정상,영업,02-332-7726,121883,서울특별시 마포구 합정동 410-12번지 ,서울특별시 마포구 독막로7길 6 1층 (합정동),서울 마포구 독막로7길,4048,토리후쿠,I,2018.8.31 23:59,호프/통닭,
1,영업/정상,영업,02-372-0455,121270,서울특별시 마포구 상암동 1740번지 ,서울특별시 마포구 월드컵북로 502 104호 (상암동 월드컵파크프라자),서울 마포구 월드컵북로,3918,토마토김밥,I,2018.8.31 23:59,분식,
1,영업/정상,영업,,121836,서울특별시 마포구 서교동 330-13번지 ,서울특별시 마포구 와우산로29길 60 1층 (서교동),서울 마포구 와우산로29길,4052,토메루,I,2020.4.18 0:23,일식,
1,영업/정상,영업,02-6395-0904,121904,서울특별시 마포구 상암동 1653번지 DMC이안상암2단지 2층 223호 ,서울특별시 마포구 월드컵북로 361 (상암동DMC이안상암2단지 2층 223호),서울 마포구 월드컵북로,3908,토모다찌,I,2018.8.31 23:59,한식,
1,영업/정상,영업,02-3144-4200,121836,서울특별시 마포구 서교동 335-5번지 ,서울특별시 마포구 와우산로29길 27 (서교동 1층일부),서울 마포구 와우산로29길,4053,토모토카레 홍대점,U,2020.4.23 2:40,호프/통닭,
1,영업/정상,영업,23352310,121904,서울특별시 마포구 상암동 1654번지 DMC 이안상암1단지 205 206호,서울특별시 마포구 월드컵북로 375 206호 (상암동DMC 이안상암1단지 205),서울 마포구 월드컵북로,3908,토종골,I,2018.8.31 23:59,한식,
1,영업/정상,영업,,121867,서울특별시 마포구 연남동 381-5번지 지1층일부 ,서울특별시 마포구 동교로34길 21 (연남동 지1층일부),서울 마포구 동교로34길,3982,토키야,I,2018.8.31 23:59,일식,
1,영업/정상,영업,02-332-3693,121897,서울특별시 마포구 합정동 369-3,서울특별시 마포구 토정로3길 5 1층 (합정동),서울 마포구 토정로3길,4083,토파,U,2019.12.8 0:06,기타,
1,영업/정상,영업,070-8692-4410,121809,서울특별시 마포구 대흥동 32-8번지 ,서울특별시 마포구 대흥로20안길 11 1층 (대흥동),서울 마포구 대흥로20안길,4136,톨,I,2018.8.31 23:59,한식,
1,영업/정상,영업,02-2633-4744,121865,서울특별시 마포구 연남동 227-24번지 ,서울특별시 마포구 성미산로 190-3 2층 (연남동),서울 마포구 성미산로,3982,톨테일,I,2019.9.20 2:22,기타,
1,영업/정상,영업,02-333-0110,121895,서울특별시 마포구 서교동 411-13번지 ,서울특별시 마포구 와우산로 61 1층 (서교동),서울 마포구 와우산로,4049,통뼈감자탕 홍대점,I,2019.11.29 0:23,한식,
1,영업/정상,영업,02-335-4979,121893,서울특별시 마포구 서교동 394-20번지 ,서울특별시 마포구 양화로6길 21 (서교동 1층일부),서울 마포구 양화로6길,4044,통영박이충무김밥,I,2018.8.31 23:59,한식,
1,영업/정상,영업,02-337-5553,121818,서울특별시 마포구 동교동 170-12번지 외1필지 ,서울특별시 마포구 어울마당로 151-1 1층 (동교동),서울 마포구 어울마당로,4051,통큰갈비 홍대점,U,2019.1.24 2:40,한식,
1,영업/정상,영업,02-704-0427,121873,서울특별시 마포구 염리동 155-1번지 신양빌딩 ,서울특별시 마포구 백범로 123 신양빌딩 1층 (염리동),서울 마포구 백범로,4137,통큰갈비 마포공덕점,I,2019.11.24 0:23,한식,
1,영업/정상,영업,02-3142-0570,121837,서울특별시 마포구 서교동 346-46번지 1층 ,서울특별시 마포구 어울마당로 126-1 (서교동1층),서울 마포구 어울마당로,4055,통통돼지뽈살,I,2018.8.31 23:59,한식,
1,영업/정상,영업,02-3144-4700,121837,서울특별시 마포구 서교동 486 서교푸르지오1층 101동 108-2호,서울특별시 마포구 홍익로 10 101동 1층 108-2호 (서교동 서교푸르지오),서울 마포구 홍익로,4055,투고샐러드 홍익대점,U,2019.12.7 22:07,한식,
1,영업/정상,영업,02-333-9725,121885,서울특별시 마포구 합정동 383-3번지 ,서울특별시 마포구 월드컵로1길 5 (합정동),서울 마포구 월드컵로1길,4027,투다리 합정점,I,2018.8.31 23:59,호프/통닭,
1,영업/정상,영업,070-8627-9603,121820,서울특별시 마포구 망원동 378-10번지 ,서울특별시 마포구 동교로9길 34 (망원동 1층 일부),서울 마포구 동교로9길,4013,투다리 망원1점,U,2019.6.6 2:40,호프/통닭,
1,영업/정상,영업,02-3144-7786,121827,서울특별시 마포구 망원동 478-3번지 1층일부 ,서울특별시 마포구 월드컵로29길 5 (망원동 1층일부),서울 마포구 월드컵로29길,3963,투다리 망원2점,U,2020.4.1 2:40,호프/통닭,
1,영업/정상,영업,02-719-3801,121813,서울특별시 마포구 도화동 342번지 ,서울특별시 마포구 도화2길 6 1층 (도화동),서울 마포구 도화2길,4172,투다리 마포점,I,2020.4.23 0:23,기타,
1,영업/정상,영업,02-717-5509,121806,서울특별시 마포구 노고산동 31-110번지 1층동 ,서울특별시 마포구 고산길 16 1층동 (노고산동),서울 마포구 고산길,4108,투다리 서강점,I,2018.8.31 23:59,분식,
1,영업/정상,영업,02-336-3762,121843,서울특별시 마포구 성산동 54-2 supen 빌딩,서울특별시 마포구 월드컵북로 133 supen 빌딩 1층 (성산동),서울 마포구 월드컵북로,3966,투다리 성산점,U,2019.10.31 22:05,기타,
1,영업/정상,영업,02-3273-3781,121829,서울특별시 마포구 상수동 329-7 지하1층일부,서울특별시 마포구 와우산로 30 안생빌딩 지하1층,서울 마포구 와우산로,4075,투다리 상수점,U,2019.10.31 23:01,경양식,
1,영업/정상,영업,02-6010-0230,121895,서울특별시 마포구 서교동 401-15번지,서울특별시 마포구 독막로9길 3 1층 (서교동),서울 마포구 독막로9길,4048,투비,U,2019.12.5 22:05,까페,
1,영업/정상,영업,02-338-0710,121821,서울특별시 마포구 망원동 399-12 1층 102호,서울특별시 마포구 희우정로12길 23 1층 102호 (망원동),서울 마포구 희우정로12길,4015,투스,U,2020.12.1 23:08,까페,
1,영업/정상,영업,02-332-8655,121865,서울특별시 마포구 연남동 260-38 2층,서울특별시 마포구 동교로34길 9 (연남동 2층),서울 마포구 동교로34길,3982,투엔디 하우스,U,2020.12.5 0:02,호프/통닭,
1,영업/정상,영업,070-4407-5130,121865,서울특별시 마포구 연남동 223-15번지 ,서울특별시 마포구 성미산로 161-8 (연남동),서울 마포구 성미산로,3980,툭툭누들타이,I,2018.8.31 23:59,한식,
1,영업/정상,영업,02-373-0004,121845,서울특별시 마포구 성산동 160-4번지 ,서울특별시 마포구 월드컵로36길 50 (성산동),서울 마포구 월드컵로36길,3940,튀겨주는예쁜언니,I,2018.8.31 23:59,한식,
1,영업/정상,영업,02-704-7375,121805,서울특별시 마포구 공덕동 476번지 공덕파크자이 102동 18호,서울특별시 마포구 백범로 152 102동 18호 (공덕동 공덕파크자이),서울 마포구 백범로,4148,트라고(Trago),I,2018.8.31 23:59,경양식,
1,영업/정상,영업,02-323-8440,121883,서울특별시 마포구 합정동 413-15번지 지하1층 ,서울특별시 마포구 독막로3길 7 (합정동지하1층),서울 마포구 독막로3길,4046,트라이브,I,2018.8.31 23:59,까페,
1,영업/정상,영업,010-4843-1638,121822,서울특별시 마포구 망원동 411-41번지 ,서울특별시 마포구 포은로 98 (망원동 1층일부),서울 마포구 포은로,4010,트라토리아 다니,U,2019.5.2 2:40,기타,
1,영업/정상,영업,,121824,서울특별시 마포구 망원동 466-1번지 ,서울특별시 마포구 방울내로9안길 71 1층 104호 (망원동),서울 마포구 방울내로9안길,3955,트랙26,I,2018.8.31 23:59,기타,
1,영업/정상,영업,070-7613-7676,121836,서울특별시 마포구 서교동 334-6번지 1층 ,서울특별시 마포구 와우산로29다길 10 (서교동),서울 마포구 와우산로29다길,4053,트랙쓰리(Track-03),I,2018.8.31 23:59,까페,
1,영업/정상,영업,02-322-0825,121180,서울특별시 마포구 당인동 25-29번지 ,서울특별시 마포구 와우산로3길 46 (당인동 1층),서울 마포구 와우산로3길,4074,틈,I,2018.8.31 23:59,까페,
1,영업/정상,영업,02-322-3131,121897,서울특별시 마포구 합정동 368-6,서울특별시 마포구 토정로3안길 2 2층,서울 마포구 토정로3안길,4083,TPB,U,2019.12.6 23:01,까페,카카오맵 주소에 오타 (cmd)
1,영업/정상,영업,02-336-9922,121824,서울특별시 마포구 망원동 436-41번지 ,서울특별시 마포구 방울내로 57 (망원동),서울 마포구 방울내로,3960,티바두마리치킨 망원점,I,2018.8.31 23:59,호프/통닭,
1,영업/정상,영업,010-4759-0203,121838,서울특별시 마포구 서교동 358-68,서울특별시 마포구 와우산로21길 36-4 2층 (서교동),서울 마포구 와우산로21길,4040,티퍼프,U,2020.11.30 22:09,한식,
1,영업/정상,영업,0507-1305-5944,121830,서울특별시 마포구 상암동 33-22번지 상암미디어빌딩 ,서울특별시 마포구 월드컵북로 328-12 상암미디어빌딩 1층 (상암동),서울 마포구 월드컵북로,3930,티플러,U,2020.3.13 2:40,경양식,
1,영업/정상,영업,02-2088-3309,121816,서울특별시 마포구 동교동 154-29,서울특별시 마포구 양화로19길 22-30 1층 (동교동),서울 마포구 양화로19길,3994,틸애프터,U,2020.12.9 0:04,경양식,
1,영업/정상,영업,02-336-3396,121869,서울특별시 마포구 연남동 567-34번지 ,서울특별시 마포구 연남로1길 11 1층 (연남동),서울 마포구 연남로1길,3990,파델라,I,2019.4.25 2:20,기타,
1,영업/정상,영업,070-5157-4646,121829,서울특별시 마포구 상수동 354-7,서울특별시 마포구 토정로 127 1층 (상수동),서울 마포구 토정로,4075,파비아 블랙,U,2020.12.6 23:00,경양식,
1,영업/정상,영업,0507-1367-8995,121897,서울특별시 마포구 합정동 369-32번지,서울특별시 마포구 성지5길 8 예거빌딩 1층 (합정동),서울 마포구 성지5길,4083,파사주 Passage,I,2018.8.31 23:59,경양식,
1,영업/정상,영업,02-322-8575,121838,서울특별시 마포구 서교동 358-8번지 ,서울특별시 마포구 어울마당로 100-6 (서교동 2층),서울 마포구 어울마당로,4040,파스치노팬스테이크,I,2018.8.31 23:59,경양식,
1,영업/정상,영업,,121848,서울특별시 마포구 성산동 293-1,서울특별시 마포구 성미산로 10 1층 (성산동),서울 마포구 성미산로,3996,프레스카2,I,2019.10.30 23:05,경양식,
1,영업/정상,영업,02-304-6460,121830,서울특별시 마포구 상암동 2-200번지 ,서울특별시 마포구 월드컵북로42가길 24 1층 101호 (상암동),서울 마포구 월드컵북로42가길,3930,파스타공작소,I,2019.9.27 2:22,기타,
1,영업/정상,영업,02-3144-0808,121838,서울특별시 마포구 서교동 355-5번지 ,서울특별시 마포구 홍익로5안길 32 홍대가자2빌딩,서울 마포구 홍익로5안길,4039,홍대인파스타,I,2018.8.31 23:59,기타,
1,영업/정상,영업,,121807,서울특별시 마포구 노고산동 106-82 영빌딩,서울특별시 마포구 서강로 138 영빌딩 3층 301호 (노고산동),서울 마포구 서강로,4100,파스타어때 마포신촌본점,I,2021.12.1 22:04,기타,
1,영업/정상,영업,,121807,서울특별시 마포구 노고산동 56-28,서울특별시 마포구 신촌로14길 30 2층 (노고산동),서울 마포구 신촌로14길,4057,파스타입니다 마포점,I,2019.10.30 23:04,기타,
1,영업/정상,영업,02-325-5345,121842,서울특별시 마포구 서교동 468-2,서울특별시 마포구 월드컵로14길 62 1층 (서교동),서울 마포구 월드컵로14길,4003,파스토보이 상암DMC점,U,2020.11.1 0:07,경양식,
1,영업/정상,영업,02-6083-1967,121816,서울특별시 마포구 동교동 147-48번지 ,서울특별시 마포구 양화로23길 10-10 지층 (동교동),서울 마포구 양화로23길,3985,파이리퍼블릭,U,2019.3.21 2:40,기타,