영업상태코드,영업상태명,상세영업상태명,전화번호,소재지우편번호,지번주소,도로명주소,도로명주소_검색용,도로명우편번호,사업장명,데이터갱신구분,데이터갱신일자,업태구분명
1,영업/정상,영업,263935145,121904,서울특별시 마포구 상암동 1601번지 2층 204205206호KGIT ,서울특별시 마포구 월드컵북로 402 2층 (상암동 204205206호 KGIT),서울 마포구 월드컵북로,3925,오늘한점 상암DMC점,I,2018.8.31 23:59,한식
1,영업/정상,영업,23338193,121893,서울특별시 마포구 서교동 366-19 23층,서울특별시 마포구 어울마당로 75 (서교동23층),서울 마포구 어울마당로,4042,오니,U,2020.11.30 21:00,일식
1,영업/정상,영업,27033886,121807,서울특별시 마포구 노고산동 106-8번지 ,서울특별시 마포구 서강로20길 10 (노고산동),서울 마포구 서강로20길,4109,신촌서서갈비,I,2018.8.31 23:59,한식
1,영업/정상,영업,23221677,121886,서울특별시 마포구 합정동 393-8번지 1층 ,서울특별시 마포구 월드컵로1길 52 (합정동1층),서울 마포구 월드컵로1길,4026,미스오뎅,I,2018.8.31 23:59,한식
1,영업/정상,영업,27174583,121812,서울특별시 마포구 도화동 194-19번지 ,서울 마포구 도화길 50,서울 마포구 도화길,,오뎅촌,I,2018.8.31 23:59,한식
1,영업/정상,영업,,121816,서울특별시 마포구 동교동 147-59,서울특별시 마포구 양화로23길 10-9 지층 (동교동),서울 마포구 양화로23길,3985,오도,U,2020.12.4 22:02,기타
1,영업/정상,영업,27179934,121801,서울특별시 마포구 공덕동 105-96번지 ,서울특별시 마포구 마포대로16길 4-1 (공덕동 서울빌딩 지하1층),서울 마포구 마포대로16길,4207,오도리,I,2018.8.31 23:59,정종/대포집/소주방
1,영업/정상,영업,,121861,서울특별시 마포구 아현동 437-3번지 ,서울특별시 마포구 마포대로 196 (아현동 고려아카데미텔지하1층7호),서울 마포구 마포대로,4206,오또꼬,I,2018.8.31 23:59,일식
1,영업/정상,영업,,121879,서울특별시 마포구 중동 373,서울특별시 마포구 모래내로9길 25 1층 (중동),서울 마포구 모래내로9길,3949,마이샐러드스토리,U,2020.12.4 22:01,기타
1,영업/정상,영업,23223539,121884,서울특별시 마포구 합정동 361-1,서울특별시 마포구 독막로6길 14 (합정동 1층일부),서울 마포구 독막로6길,4072,오레노라멘 합정본점,U,2020.12.6 22:08,일식
1,영업/정상,영업,,121822,서울특별시 마포구 망원동 410-9,서울특별시 마포구 희우정로20길 70 지1층 102호 (망원동),서울 마포구 희우정로20길,4009,오레노라멘 망원점,U,2020.12.2 23:04,기타
1,영업/정상,영업,,121838,서울특별시 마포구 서교동 358-57번지 ,서울특별시 마포구 어울마당로 86 2-4층 (서교동),서울 마포구 어울마당로,4040,오렌지룸 홍대점,I,2018.8.31 23:59,호프/통닭
1,영업/정상,영업,,121904,서울특별시 마포구 상암동 1607번지 ,서울특별시 마포구 상암산로 76 (상암동 지1층일부),서울 마포구 상암산로,3926,오로지닭곰탕,U,2020.2.2 2:40,한식
1,영업/정상,영업,,121873,서울특별시 마포구 염리동 157-13번지 ,서울특별시 마포구 백범로24길 5-5 (염리동 1층),서울 마포구 백범로24길,4149,오롯,U,2019.5.2 2:40,일식
1,영업/정상,영업,27143202,121805,서울특별시 마포구 공덕동 476 공덕파크자이,서울특별시 마포구 백범로 152 1층 56호 (공덕동 공덕파크자이),서울 마포구 백범로,4148,오롯로바타,U,2020.12.8 22:06,일식
1,영업/정상,영업,27545840,121801,서울특별시 마포구 공덕동 110-59번지 ,서울특별시 마포구 만리재옛길 56 (공덕동 1층),서울 마포구 만리재옛길,4208,오리도시,I,2018.8.31 23:59,한식
1,영업/정상,영업,,121867,서울특별시 마포구 연남동 387-13번지 ,서울특별시 마포구 동교로 262-6 2층일부 (연남동),서울 마포구 동교로,3982,오마,I,2018.8.31 23:59,외국음식전문점(인도태국등)
1,영업/정상,영업,23221424,121816,서울특별시 마포구 동교동 155-20번지 ,서울특별시 마포구 월드컵북로2길 82 (동교동 1층),서울 마포구 월드컵북로2길,3994,오모테나시,I,2018.8.31 23:59,일식
1,영업/정상,영업,27167868,121812,서울특별시 마포구 도화동 194-22번지 1층 ,서울특별시 마포구 도화길 50-6 1층 (도화동),서울 마포구 도화길,4169,오목집 마포점,I,2018.8.31 23:59,한식
1,영업/정상,영업,,121865,서울특별시 마포구 연남동 257-8번지 104호,서울특별시 마포구 성미산로26길 43 104호 (연남동),서울 마포구 성미산로26길,3984,오물오물,U,2020.5.16 2:40,일식
1,영업/정상,영업,,121865,서울특별시 마포구 연남동 260-28번지 지1층 ,서울특별시 마포구 동교로 240 지1층 (연남동),서울 마포구 동교로,3982,오물오물,U,2019.9.5 2:40,한식
1,영업/정상,영업,,121854,서울특별시 마포구 신수동 85-24번지 ,서울특별시 마포구 독막로31길 18 1층 (신수동),서울 마포구 독막로31길,4096,오복즉석떡볶이,I,2018.8.31 23:59,한식
1,영업/정상,영업,,121820,서울특별시 마포구 망원동 401-36번지 1층일부 ,서울특별시 마포구 포은로 78 (망원동 1층일부),서울 마포구 포은로,4014,오복수산시장,U,2018.11.8 2:37,경양식
1,영업/정상,영업,,121865,서울특별시 마포구 연남동 226-29번지 1층일부 ,서울특별시 마포구 성미산로 195 (연남동 1층일부),서울 마포구 성미산로,3981,오복수산시장,U,2019.5.2 2:40,한식
1,영업/정상,영업,23336042,121821,서울특별시 마포구 망원동 395-20,서울특별시 마포구 희우정로10길 35 (망원동 1층일부),서울 마포구 희우정로10길,4017,오복식당,U,2019.11.2 0:09,한식
1,영업/정상,영업,,121904,서울특별시 마포구 상암동 1674번지 상암월드컵8단지 ,서울특별시 마포구 월드컵로42길 12 103호 (상암동 상암월드컵8단지),서울 마포구 월드컵로42길,3906,오봉도시락 상암점,U,2020.1.1 2:40,한식
1,영업/정상,영업,27042371,121813,서울특별시 마포구 도화동 336-1,서울특별시 마포구 도화길 22-4 (도화동),서울 마포구 도화길,4172,오봉집 마포공덕점,U,2020.10.30 22:01,한식
1,영업/정상,영업,,121826,서울특별시 마포구 망원동 471-18,서울특별시 마포구 방울내로11길 23 (망원동 두영빌딩 1층),서울 마포구 방울내로11길,3961,오봉집 망원점,U,2020.12.4 0:02,한식
1,영업/정상,영업,,121809,서울특별시 마포구 대흥동 36-1번지 ,서울특별시 마포구 대흥로 116-6 1층 (대흥동),서울 마포구 대흥로,4136,오븐마루 서강대점,U,2018.9.3 23:59,호프/통닭
1,영업/정상,영업,27070054,121812,서울특별시 마포구 도화동 25-3번지 ,서울특별시 마포구 새창로 13-6 1층 (도화동),서울 마포구 새창로,4169,오븐에빠진닭 공덕역점,I,2018.8.31 23:59,통닭(치킨)
1,영업/정상,영업,,121896,서울특별시 마포구 서교동 475-44,서울특별시 마포구 월드컵로14길 22 1층 101호 (서교동),서울 마포구 월드컵로14길,4004,오비베어,U,2020.10.31 23:08,호프/통닭
1,영업/정상,영업,,121865,서울특별시 마포구 연남동 260-29번지 1층일부 ,서울특별시 마포구 동교로 238-1 (연남동 1층일부),서울 마포구 동교로,3982,OB베어,I,2018.8.31 23:59,호프/통닭
1,영업/정상,영업,2264085252,121837,서울특별시 마포구 서교동 346-16번지 1층 ,서울특별시 마포구 홍익로2길 27-20 1층 (서교동),서울 마포구 홍익로2길,4055,오비야,U,2020.4.3 2:40,일식
1,영업/정상,영업,,121893,서울특별시 마포구 서교동 366-25번지 지층일부 1층 2층 ,서울특별시 마포구 잔다리로2길 17 (서교동 지층일부 1층 2층),서울 마포구 잔다리로2길,4042,도누리오빠곱창,U,2020.5.1 2:40,한식
1,영업/정상,영업,,121816,서울특별시 마포구 동교동 113-95,서울특별시 마포구 연희로1길 11 2층 (동교동),서울 마포구 연희로1길,3985,오사이초밥 홍대점,I,2020.11.1 0:04,일식
1,영업/정상,영업,,121835,서울특별시 마포구 상암동 1597번지 사보이시티디엠씨 B109B110B111호 ,서울특별시 마포구 월드컵북로54길 17 사보이시티디엠씨 B109B110B111호 (상암동),서울 마포구 월드컵북로54길,3924,오성닭한마리,U,2019.1.30 2:40,일식
1,영업/정상,영업,,121893,서울특별시 마포구 서교동 366-3,서울특별시 마포구 잔다리로2길 23 (서교동 지층),서울 마포구 잔다리로2길,4042,오성떡볶이,U,2019.11.1 0:07,중국식
1,영업/정상,영업,,121830,서울특별시 마포구 상암동 36-16번지 ,서울특별시 마포구 월드컵북로48길 5 1층 (상암동),서울 마포구 월드컵북로48길,3927,오소오소 상암점,I,2020.2.19 0:23,기타
1,영업/정상,영업,23328835,121865,서울특별시 마포구 연남동 224-19번지 ,서울특별시 마포구 동교로 280 (연남동 1층),서울 마포구 동교로,3981,오순도순떡볶이,I,2018.8.31 23:59,한식
1,영업/정상,영업,,121837,서울특별시 마포구 서교동 363-19번지 ,서울특별시 마포구 와우산로19길 27 2층 (서교동),서울 마포구 와우산로19길,4041,오술차 홍대점,I,2019.5.25 2:20,기타
1,영업/정상,영업,,121867,서울특별시 마포구 연남동 382-1번지 ,서울특별시 마포구 동교로38길 28 2층 (연남동),서울 마포구 동교로38길,3982,오스버거,I,2020.2.9 0:23,기타
1,영업/정상,영업,,121840,서울특별시 마포구 서교동 397-13,서울특별시 마포구 어울마당로5길 50 2층 201호 (서교동),서울 마포구 어울마당로5길,4047,오스테리아 리오,U,2020.12.4 22:01,기타
1,영업/정상,영업,,121842,서울특별시 마포구 서교동 468-17번지 잇다빌딩 ,서울특별시 마포구 잔다리로 105 잇다빌딩 1층 (서교동),서울 마포구 잔다리로,4003,오스테리아오라,I,2018.8.31 23:59,경양식
1,영업/정상,영업,,121897,서울특별시 마포구 합정동 371-24,서울특별시 마포구 성지3길 19 1층 102호 (합정동),서울 마포구 성지3길,4071,오스테리아칠,U,2020.12.8 22:05,기타
1,영업/정상,영업,,121885,서울특별시 마포구 합정동 386-37번지 2층 A동 ,서울특별시 마포구 양화로3길 55 2층 (합정동 A동),서울 마포구 양화로3길,4025,오스테리아샘킴,I,2018.8.31 23:59,기타
1,영업/정상,영업,,121828,서울특별시 마포구 상수동 93-108번지 ,서울특별시 마포구 독막로15길 18 (상수동 1층),서울 마포구 독막로15길,4049,오스틴,I,2018.8.31 23:59,경양식
1,영업/정상,영업,,121899,서울특별시 마포구 동교동 186-22,서울특별시 마포구 와우산로32길 41 (동교동 1층),서울 마포구 와우산로32길,4057,오시리야,U,2020.12.1 23:08,한식
1,영업/정상,영업,,121835,서울특별시 마포구 상암동 1465번지 1층 ,서울특별시 마포구 성암로13길 14 1층 (상암동),서울 마포구 성암로13길,3930,오시리야주방,I,2018.8.31 23:59,호프/통닭
1,영업/정상,영업,,121830,서울특별시 마포구 상암동 41-29번지 1필지 1층 ,서울특별시 마포구 월드컵북로50길 5 1층 (상암동),서울 마포구 월드컵북로50길,3927,오시오건강밥상,I,2018.8.31 23:59,한식
1,영업/정상,영업,,121830,서울특별시 마포구 상암동 41-29번지 지상2층 ,서울특별시 마포구 월드컵북로50길 5 (상암동 지상2층),서울 마포구 월드컵북로50길,3927,오시오건강밥상,I,2018.8.31 23:59,한식
1,영업/정상,영업,,121838,서울특별시 마포구 서교동 358-40,서울특별시 마포구 와우산로21길 28-8 1층 (서교동),서울 마포구 와우산로21길,4040,오십그램,U,2019.10.30 22:09,기타
1,영업/정상,영업,,121837,서울특별시 마포구 서교동 347-6번지 2층 ,서울특별시 마포구 어울마당로 136-16 2층 (서교동),서울 마포구 어울마당로,4053,50픽,I,2018.8.31 23:59,기타
1,영업/정상,영업,,121887,서울특별시 마포구 합정동 433-29,서울특별시 마포구 포은로 54 1층 가운데호 (합정동),서울 마포구 포은로,4021,오아시스 망원,I,2020.10.31 22:06,기타
1,영업/정상,영업,,121830,서울특별시 마포구 상암동 34-79,서울특별시 마포구 월드컵북로 338 1층 101~102호 (상암동),서울 마포구 월드컵북로,3930,오야스시,I,2019.10.30 23:00,일식
1,영업/정상,영업,,121818,서울특별시 마포구 동교동 180-8번지 ,서울특별시 마포구 신촌로 44 1층 (동교동),서울 마포구 신촌로,4056,오오키이,I,2019.5.1 2:20,양식
1,영업/정상,영업,,121819,서울특별시 마포구 동교동 203-56번지 1층일부 ,서울특별시 마포구 월드컵북로6길 26 (동교동 1층일부),서울 마포구 월드컵북로6길,3992,오우,I,2018.8.31 23:59,한식
1,영업/정상,영업,27140313,121801,서울특별시 마포구 공덕동 118-28번지 1층 ,서울특별시 마포구 마포대로14길 22 (공덕동1층),서울 마포구 마포대로14길,4210,오원집 공덕본점,I,2018.8.31 23:59,한식
1,영업/정상,영업,,121869,서울특별시 마포구 연남동 567-39번지 1층 ,서울특별시 마포구 월드컵북로6길 93 1층 (연남동),서울 마포구 월드컵북로6길,3990,52nd Street,I,2018.8.31 23:59,호프/통닭
1,영업/정상,영업,,121867,서울특별시 마포구 연남동 383-82번지 신박사빌딩 1층일부 ,서울특별시 마포구 동교로46길 42-5 (연남동 신박사빌딩 1층일부),서울 마포구 동교로46길,3982,오이삼,I,2018.8.31 23:59,양식
1,영업/정상,영업,23344904,121868,서울특별시 마포구 연남동 487-226,서울특별시 마포구 성미산로17길 104 (연남동 1층 일부),서울 마포구 성미산로17길,3974,오이소순대국 연남본점,U,2019.11.2 0:03,한식
1,영업/정상,영업,,121836,서울특별시 마포구 서교동 331-12번지 ,서울특별시 마포구 어울마당로 136-5 (서교동 1층),서울 마포구 어울마당로,4053,오이시나베,U,2018.12.6 2:40,정종/대포집/소주방
1,영업/정상,영업,,121816,서울특별시 마포구 동교동 147-28 지1층,서울특별시 마포구 연희로1길 15 (동교동 지1층),서울 마포구 연희로1길,3985,오이지 연남점,U,2021.11.30 23:03,한식
1,영업/정상,영업,27499457,121803,서울특별시 마포구 공덕동 242-46번지 1층 ,서울특별시 마포구 마포대로12길 37 (공덕동1층),서울 마포구 마포대로12길,4211,오자네왔는가,I,2018.8.31 23:59,한식
1,영업/정상,영업,,121840,서울특별시 마포구 서교동 395-171번지 ,서울특별시 마포구 양화로10길 15 (서교동 1층일부),서울 마포구 양화로10길,4043,오자와,U,2019.11.30 2:40,일식
1,영업/정상,영업,,121822,서울특별시 마포구 망원동 414-108번지 ,서울특별시 마포구 포은로6길 25 (망원동 1층일부),서울 마포구 포은로6길,4011,오지개,I,2018.8.31 23:59,분식
1,영업/정상,영업,23346003,121893,서울특별시 마포구 서교동 370-26번지 ,서울특별시 마포구 홍익로5길 43 (서교동 1층),서울 마포구 홍익로5길,4039,홍대수산 오징어이야기,I,2018.8.31 23:59,한식
1,영업/정상,영업,,121830,서울특별시 마포구 상암동 41-10,서울특별시 마포구 월드컵북로50길 9 1층 (상암동),서울 마포구 월드컵북로50길,3927,오카야,U,2020.12.4 22:00,일식
1,영업/정상,영업,,,,서울특별시 마포구 연희로1길 55 2층 (연남동),서울 마포구 연희로1길,3982,오카에리,I,2018.8.31 23:59,일식
1,영업/정상,영업,23142323,121893,서울특별시 마포구 서교동 369-7번지 2층 ,서울특별시 마포구 잔다리로6길 35 (서교동2층),서울 마포구 잔다리로6길,4039,오케이포차 홍대점,I,2018.8.31 23:59,호프/통닭
1,영업/정상,영업,,121851,서울특별시 마포구 신공덕동 5-27번지 ,서울특별시 마포구 만리재옛길 32 지상1층 101호 (신공덕동),서울 마포구 만리재옛길,4209,오타루,I,2018.8.31 23:59,일식
1,영업/정상,영업,,121829,서울특별시 마포구 상수동 330-9 1층 일부,서울특별시 마포구 와우산로 28 (상수동1층 일부),서울 마포구 와우산로,4075,오토노,U,2020.12.7 0:07,호프/통닭
1,영업/정상,영업,,121895,서울특별시 마포구 서교동 402-14 경일빌딩,서울특별시 마포구 독막로9길 14 경일빌딩 2층 (서교동),서울 마포구 독막로9길,4048,오프더월,I,2020.11.2 0:08,기타
1,영업/정상,영업,,121897,서울특별시 마포구 합정동 371-26번지 1층일부(우측) ,서울특별시 마포구 성지길 35 1층일부 (합정동),서울 마포구 성지길,4071,오프모먼트,I,2018.8.31 23:59,일식
1,영업/정상,영업,,121865,서울특별시 마포구 연남동 229-64,서울특별시 마포구 동교로 253 4층 401호 (연남동),서울 마포구 동교로,3983,오픈엔디드,I,2021.12.1 22:07,기타
1,영업/정상,영업,,121805,서울특별시 마포구 공덕동 467 롯데캐슬프레지던트,서울특별시 마포구 마포대로 109 제지1층 제비114호 (공덕동 롯데캐슬프레지던트),서울 마포구 마포대로,4146,오한수우육면가,I,2020.12.6 22:02,한식
1,영업/정상,영업,,121835,서울특별시 마포구 상암동 1580 DMC첨단산업센터,서울특별시 마포구 성암로 330 DMC첨단산업센터 지1층 B106호 (상암동),서울 마포구 성암로,3920,오한수우육면가,I,2020.11.1 22:09,한식
1,영업/정상,영업,,121812,서울특별시 마포구 도화동 173 삼창프라자 지1층 2425호,서울특별시 마포구 마포대로 63-8 지1층 24252626-1호 (도화동 삼창프라자),서울 마포구 마포대로,4157,오한수우육면가 마포삼창점,U,2019.12.8 23:03,한식
1,영업/정상,영업,23242209,121807,서울특별시 마포구 노고산동 56-29,서울특별시 마포구 신촌로14길 32 1층 (노고산동),서울 마포구 신촌로14길,4057,옥돌구이,U,2020.12.5 23:07,한식
1,영업/정상,영업,,121839,서울특별시 마포구 서교동 385-6번지 ,서울특별시 마포구 양화로7길 44-10 (서교동 지하 001호),서울 마포구 양화로7길,4035,옥동식 서교점,I,2018.8.31 23:59,한식
1,영업/정상,영업,2231434785,121895,서울특별시 마포구 서교동 411-2번지 2층 ,서울특별시 마포구 와우산로13길 2 (서교동2층),서울 마포구 와우산로13길,4049,옥상달빛치킨 본점,I,2018.8.31 23:59,호프/통닭
1,영업/정상,영업,,121904,서울특별시 마포구 상암동 1615 PARK M,서울특별시 마포구 매봉산로 80 PARK M 1층 9호 (상암동),서울 마포구 매봉산로,3927,옥소반 상암점,U,2020.12.5 0:02,기타
1,영업/정상,영업,,121842,서울특별시 마포구 서교동 465-9,서울특별시 마포구 잔다리로 74 1층 (서교동),서울 마포구 잔다리로,4030,옥순,I,2019.12.7 22:09,한식
1,영업/정상,영업,23364872,121897,서울특별시 마포구 합정동 372-32번지 ,서울특별시 마포구 성지1길 12 (합정동),서울 마포구 성지1길,4071,옥이네 생선구이전문점,I,2018.8.31 23:59,한식
1,영업/정상,영업,,121830,서울특별시 마포구 상암동 41-6번지 ,서울특별시 마포구 월드컵북로50길 14 1층 (상암동),서울 마포구 월드컵북로50길,3927,옥이포차,I,2019.7.12 2:21,기타
1,영업/정상,영업,,121865,서울특별시 마포구 연남동 241-42,서울특별시 마포구 성미산로29길 40-15 1층 (연남동),서울 마포구 성미산로29길,3980,옥자,U,2020.12.6 22:09,한식
1,영업/정상,영업,,121830,서울특별시 마포구 상암동 3-5,서울특별시 마포구 성암로 225-1 1층 (상암동),서울 마포구 성암로,3927,옥자별관,I,2020.10.31 23:07,일식
1,영업/정상,영업,,121830,서울특별시 마포구 상암동 2-29번지 1층 ,서울특별시 마포구 성암로 219-6 1층 (상암동),서울 마포구 성암로,3927,옥자회관,U,2019.3.7 2:40,일식
1,영업/정상,영업,,121854,서울특별시 마포구 신수동 93-21번지 1층 ,서울특별시 마포구 신수로 106 (신수동1층),서울 마포구 신수로,4094,평양옥정,I,2018.8.31 23:59,한식
1,영업/정상,영업,,121803,서울특별시 마포구 공덕동 256-5번지 ,서울특별시 마포구 마포대로6길 16 (공덕동 1층29호 일부),서울 마포구 마포대로6길,4214,옥천올갱이국,U,2019.7.11 2:40,분식
1,영업/정상,영업,,121840,서울특별시 마포구 서교동 396-58,서울특별시 마포구 양화로6길 57-5 2층 (서교동),서울 마포구 양화로6길,4047,옥탑문,U,2021.12.2 0:08,기타
1,영업/정상,영업,,121895,서울특별시 마포구 서교동 404-8번지 3층 ,서울특별시 마포구 독막로9길 43 3층 (서교동),서울 마포구 독막로9길,4048,옥탑방부엉이,I,2018.8.31 23:59,한식
1,영업/정상,영업,,121795,서울특별시 마포구 상암동 1605 누리꿈스퀘어,서울특별시 마포구 월드컵북로 396 누리꿈스퀘어 지1층 1085호 (상암동),서울 마포구 월드컵북로,3925,옥합콩국수,I,2019.11.1 23:08,한식
1,영업/정상,영업,23248368,121825,서울특별시 마포구 망원동 435-2 1층,서울특별시 마포구 방울내로7길 14 (망원동1층),서울 마포구 방울내로7길,3961,옥향루,U,2020.12.1 0:07,한식
1,영업/정상,영업,,121837,서울특별시 마포구 서교동 363-5,서울특별시 마포구 잔다리로 6 23층 (서교동),서울 마포구 잔다리로,4041,옥희 서울홍대점,I,2021.12.1 22:06,한식
1,영업/정상,영업,,121820,서울특별시 마포구 망원동 57-364,서울특별시 마포구 월드컵로23길 5 지1층 (망원동),서울 마포구 월드컵로23길,4012,온더페리,U,2020.12.5 23:01,기타
1,영업/정상,영업,,121869,서울특별시 마포구 연남동 566-60,서울특별시 마포구 연남로3길 7 지하1층 101호 (연남동),서울 마포구 연남로3길,3990,온기,I,2019.11.1 0:01,기타
1,영업/정상,영업,227135588,121805,서울특별시 마포구 공덕동 476번지 공덕파크자이  102동 9호 ,서울특별시 마포구 백범로 152 (공덕동 공덕파크자이  102동 9호),서울 마포구 백범로,4148,온다옴,I,2018.8.31 23:59,한식
1,영업/정상,영업,2232721892,121809,서울특별시 마포구 대흥동 194-2번지 1층 ,서울특별시 마포구 백범로 109 (대흥동1층),서울 마포구 백범로,4136,온달만두분식,I,2018.8.31 23:59,분식
1,영업/정상,영업,23345842,121895,서울특별시 마포구 서교동 407-25,서울특별시 마포구 잔다리로 9 1층 (서교동),서울 마포구 잔다리로,4049,온달집,U,2020.10.31 22:07,한식
1,영업/정상,영업,,121835,서울특별시 마포구 상암동 1596번지 상암DMC푸르지오시티 S-City 218~219호 ,서울특별시 마포구 월드컵북로54길 25 상암DMC푸르지오시티 S-City 218 219호 (상암동),서울 마포구 월드컵북로54길,3924,온돈부리,U,2019.8.31 2:40,일식
1,영업/정상,영업,,121840,서울특별시 마포구 서교동 399-23번지 1층 ,서울특별시 마포구 양화로6길 65 1층 (서교동),서울 마포구 양화로6길,4047,온돌,I,2018.8.31 23:59,한식
1,영업/정상,영업,,121898,서울특별시 마포구 동교동 197-40 지1층 1층,서울특별시 마포구 월드컵북로4길 95 지1층 1층 (동교동),서울 마포구 월드컵북로4길,3993,온미동,U,2020.12.4 23:06,기타
1,영업/정상,영업,,121828,서울특별시 마포구 상수동 145-13,서울특별시 마포구 와우산로 39-14 2층 (상수동),서울 마포구 와우산로,4049,온블랙94,U,2020.12.7 22:01,경양식
1,영업/정상,영업,,121867,서울특별시 마포구 연남동 387-15번지 ,서울특별시 마포구 동교로 262-10 지1층 B01호 (연남동),서울 마포구 동교로,3982,온정,I,2019.11.28 0:23,기타
1,영업/정상,영업,,121816,서울특별시 마포구 동교동 147-48,서울특별시 마포구 양화로23길 10-10 지1층 좌측호 (동교동),서울 마포구 양화로23길,3985,온정텐동,U,2020.12.7 23:05,일식
1,영업/정상,영업,,121835,서울특별시 마포구 상암동 1597 사보이시티디엠씨 지1층 B126호,서울특별시 마포구 월드컵북로54길 17 지1층 B126호 (상암동 사보이시티디엠씨),서울 마포구 월드컵북로54길,3924,온타이키친,U,2019.12.8 0:08,한식
1,영업/정상,영업,,121865,서울특별시 마포구 연남동 228-58,서울특별시 마포구 동교로38길 5 2층 (연남동),서울 마포구 동교로38길,3982,올더플레이트 연남점,U,2020.12.8 23:09,한식
1,영업/정상,영업,23327250,121840,서울특별시 마포구 서교동 395-65,서울특별시 마포구 독막로3길 35 2층 (서교동),서울 마포구 독막로3길,4044,올드타운 홍대점,U,2020.12.5 22:00,일식
1,영업/정상,영업,,121867,서울특별시 마포구 연남동 385-1번지 수목원3층 ,서울특별시 마포구 동교로46길 29 3층 (연남동 수목원),서울 마포구 동교로46길,3982,올드패션드,I,2018.8.31 23:59,호프/통닭
1,영업/정상,영업,,121865,서울특별시 마포구 연남동 228-7번지 ,서울특별시 마포구 동교로 266-7 1층 (연남동),서울 마포구 동교로,3982,올디너리포차,I,2020.4.3 0:23,기타
1,영업/정상,영업,,121867,서울특별시 마포구 연남동 385-4,서울특별시 마포구 동교로46길 25 1층 (연남동),서울 마포구 동교로46길,3982,올랑올랑,U,2020.12.4 22:01,일식
1,영업/정상,영업,,121865,서울특별시 마포구 연남동 224-18,서울특별시 마포구 동교로 282 1층 (연남동),서울 마포구 동교로,3981,올레쭈꾸미 2호점,I,2019.10.31 22:05,기타
1,영업/정상,영업,,121836,서울특별시 마포구 서교동 328-62번지 지하1층 ,서울특별시 마포구 와우산로29길 14-19 (서교동 지하1층),서울 마포구 와우산로29길,4052,올리앤로렌스,I,2018.8.31 23:59,경양식
1,영업/정상,영업,,121819,서울특별시 마포구 동교동 200-25,서울특별시 마포구 동교로 199-1 1층 (동교동),서울 마포구 동교로,3993,올바른스시 홍대직영점,U,2020.12.9 0:02,일식
1,영업/정상,영업,,121849,서울특별시 마포구 성산동 137-4,서울특별시 마포구 월드컵북로26길 17 1층 우측호 (성산동),서울 마포구 월드컵북로26길,3949,올바른식당,I,2019.12.8 0:06,한식
1,영업/정상,영업,,121805,서울특별시 마포구 공덕동 478번지 공덕더샵아파트 ,서울특별시 마포구 백범로 170 102동 1층 11호 (공덕동 공덕더샵아파트),서울 마포구 백범로,4148,올비아,I,2019.2.13 2:21,기타
1,영업/정상,영업,222463538,121807,서울특별시 마포구 노고산동 56-25번지 1층 ,서울특별시 마포구 신촌로14길 29 1층 (노고산동),서울 마포구 신촌로14길,4057,올터,I,2018.8.31 23:59,한식
1,영업/정상,영업,,121815,서울특별시 마포구 도화동 556번지 에스케이허브그린 201호,서울특별시 마포구 마포대로 73 2층 201호 (도화동 에스케이허브그린),서울 마포구 마포대로,4157,옴레스토랑&카페 마포/공덕점,I,2018.8.31 23:59,기타
1,영업/정상,영업,,121806,서울특별시 마포구 노고산동 31-110 지하1층,서울특별시 마포구 고산길 16 (노고산동지하1층),서울 마포구 고산길,4108,옹고집,U,2020.11.1 22:09,분식
1,영업/정상,영업,23930880,121885,서울특별시 마포구 합정동 383-3번지 ,서울특별시 마포구 월드컵로1길 5 (합정동),서울 마포구 월드컵로1길,4027,옹기골바베큐 합정점,I,2018.8.31 23:59,한식
1,영업/정상,영업,,121838,서울특별시 마포구 서교동 354-8번지 ,서울특별시 마포구 양화로 122 (서교동 1층 일부),서울 마포구 양화로,4038,옹다래찜닭 홍대점,I,2018.8.31 23:59,한식
1,영업/정상,영업,,121895,서울특별시 마포구 서교동 402-3번지 ,서울특별시 마포구 양화로6길 99 (서교동),서울 마포구 양화로6길,4048,옹달샘 본점,I,2018.8.31 23:59,한식
1,영업/정상,영업,23322440,121897,서울특별시 마포구 합정동 372-29번지 ,서울특별시 마포구 독막로2길 12 (합정동 1층),서울 마포구 독막로2길,4071,옹달샘 합정고깃집,I,2018.8.31 23:59,한식
1,영업/정상,영업,,121859,서울특별시 마포구 아현동 326-18번지 1층일부 ,서울특별시 마포구 신촌로34길 37 (아현동 1층일부),서울 마포구 신촌로34길,4116,와당김밥,I,2018.8.31 23:59,분식
1,영업/정상,영업,,121865,서울특별시 마포구 연남동 257-16번지 ,서울특별시 마포구 성미산로26길 42 (연남동 101호),서울 마포구 성미산로26길,3984,옥타,I,2018.8.31 23:59,일식
1,영업/정상,영업,23641217,121862,서울특별시 마포구 아현동 270-7번지 ,서울특별시 마포구 마포대로 229 (아현동 12층),서울 마포구 마포대로,4117,와우즉떡카페,I,2018.8.31 23:59,분식
1,영업/정상,영업,27198220,121807,서울특별시 마포구 노고산동 56-88번지 1층 ,서울특별시 마포구 신촌로14길 39 1층 (노고산동),서울 마포구 신촌로14길,4057,와우골,I,2018.8.31 23:59,한식
1,영업/정상,영업,,121885,서울특별시 마포구 합정동 388-25 1층일부,서울특별시 마포구 양화로1길 18 (합정동 1층일부),서울 마포구 양화로1길,4025,와우곱창 합정점,U,2020.12.2 22:06,한식
1,영업/정상,영업,,121836,서울특별시 마포구 서교동 325-1번지 ,서울특별시 마포구 와우산로 162 (서교동 1층),서울 마포구 와우산로,4061,와우끝집,I,2018.8.31 23:59,호프/통닭
1,영업/정상,영업,23339123,121836,서울특별시 마포구 서교동 327-24 1층,서울특별시 마포구 와우산로29길 4-38 1층 (서교동),서울 마포구 와우산로29길,4052,무라 홍대2호점,U,2020.12.6 0:03,일식
1,영업/정상,영업,,121865,서울특별시 마포구 연남동 260-31번지,서울특별시 마포구 동교로34길 3 3층 (연남동),서울 마포구 동교로34길,3982,와이니하이,U,2019.12.6 0:04,기타
1,영업/정상,영업,,121829,서울특별시 마포구 상수동 340-1,서울특별시 마포구 와우산로1길 3 12층 (상수동),서울 마포구 와우산로1길,4074,YND-상수로운요놈들,U,2020.10.31 0:02,경양식
1,영업/정상,영업,25114096,121837,서울특별시 마포구 서교동 344-15,서울특별시 마포구 홍익로 6 1층 (서교동),서울 마포구 홍익로,4055,와이쿠페 홍대점,I,2019.12.8 22:05,기타
1,영업/정상,영업,,121893,서울특별시 마포구 서교동 369-3 성화빌딩,서울특별시 마포구 양화로16길 26 성화빌딩 1층 (서교동),서울 마포구 양화로16길,4039,디마로네,U,2020.10.31 22:05,기타
1,영업/정상,영업,,121816,서울특별시 마포구 동교동 147-28,서울특별시 마포구 연희로1길 15 3층 (동교동),서울 마포구 연희로1길,3985,우미이로,U,2020.10.31 22:05,일식
1,영업/정상,영업,,121816,서울특별시 마포구 동교동 147-28,서울특별시 마포구 연희로1길 15 2층 (동교동),서울 마포구 연희로1길,3985,블랑누아,U,2020.10.31 22:05,기타
1,영업/정상,영업,,121830,서울특별시 마포구 상암동 41-10번지 ,서울특별시 마포구 월드컵북로50길 9 외 1필지 23층 (상암동),서울 마포구 월드컵북로50길,3927,와인그리고밤,U,2019.3.28 2:40,한식
1,영업/정상,영업,,121838,서울특별시 마포구 서교동 358-50 레디안트,서울특별시 마포구 와우산로21길 36-8 레디안트 23층 (서교동),서울 마포구 와우산로21길,4040,와인로그,U,2019.11.2 0:03,기타
1,영업/정상,영업,,121830,서울특별시 마포구 상암동 32-14번지 담아재 ,서울특별시 마포구 월드컵북로44길 17 담아재 2층 (상암동),서울 마포구 월드컵북로44길,3930,와인바 소행성B612,I,2019.11.23 0:23,기타
1,영업/정상,영업,,121867,서울특별시 마포구 연남동 387-12 하늘드리움,서울특별시 마포구 동교로 262-3 하늘드리움 1층 (연남동),서울 마포구 동교로,3982,와인바별채,U,2020.12.1 0:06,경양식
1,영업/정상,영업,,121895,서울특별시 마포구 서교동 401-12 3층,서울특별시 마포구 독막로7길 26 3층 (서교동),서울 마포구 독막로7길,4048,와인어클락,U,2020.12.3 0:09,경양식
1,영업/정상,영업,23343336,121819,서울특별시 마포구 동교동 206-1번지 ,서울특별시 마포구 월드컵북로 18 1층 (동교동),서울 마포구 월드컵북로,3992,와인주택,U,2019.6.30 2:40,한식
1,영업/정상,영업,,121868,서울특별시 마포구 연남동 487-276,서울특별시 마포구 성미산로17길 92 1층 (연남동),서울 마포구 성미산로17길,3974,와커치킨 연남점,I,2021.12.1 0:05,호프/통닭
1,영업/정상,영업,23225757,121888,서울특별시 마포구 합정동 441-23번지 1층 ,서울특별시 마포구 동교로 36 (합정동1층),서울 마포구 동교로,4020,완도막회집,I,2018.8.31 23:59,한식
1,영업/정상,영업,,121840,서울특별시 마포구 서교동 396-61 기단,서울특별시 마포구 양화로6길 57-13 지하1층 B01호 (서교동 기단),서울 마포구 양화로6길,4047,청염,U,2019.10.31 23:05,기타
1,영업/정상,영업,23837170,121895,서울특별시 마포구 서교동 401-6번지 2층 ,서울특별시 마포구 독막로7길 20 (서교동2층),서울 마포구 독막로7길,4048,왔쏘 홍대점,I,2018.8.31 23:59,호프/통닭
1,영업/정상,영업,27123596,121813,서울특별시 마포구 도화동 345-1번지 ,서울특별시 마포구 도화길 24-1 (도화동),서울 마포구 도화길,4172,왕가밀 왕가본점,I,2018.8.31 23:59,일식
1,영업/정상,영업,,121848,서울특별시 마포구 성산동 263-2번지 ,서울특별시 마포구 월드컵로30길 4 (성산동 지상1층),서울 마포구 월드컵로30길,3970,왕노가리,I,2018.8.31 23:59,호프/통닭
1,영업/정상,영업,25359586,121817,서울특별시 마포구 동교동 164-23번지 ,서울특별시 마포구 홍익로6길 52 (동교동 2층),서울 마포구 홍익로6길,4050,왕돈까스&왕냉면 홍대점,I,2018.8.31 23:59,중국식
1,영업/정상,영업,,121827,서울특별시 마포구 망원동 482-8번지 ,서울특별시 마포구 월드컵로 113 (망원동 1층),서울 마포구 월드컵로,3963,왕뼈,U,2018.12.23 2:40,한식
1,영업/정상,영업,,121903,서울특별시 마포구 망원동 415-2번지 ,서울특별시 마포구 망원로 62 1층 (망원동),서울 마포구 망원로,4009,왕수제돈까스,U,2019.11.17 2:40,기타
1,영업/정상,영업,23370070,121886,서울특별시 마포구 합정동 393-20번지 ,서울특별시 마포구 포은로 12 (합정동),서울 마포구 포은로,4026,왕장,I,2018.8.31 23:59,중국식
1,영업/정상,영업,27120985,121813,서울특별시 마포구 도화동 343-1번지 ,서울특별시 마포구 도화2길 4 (도화동),서울 마포구 도화2길,4172,외백,I,2018.8.31 23:59,중국식
1,영업/정상,영업,,121867,서울특별시 마포구 연남동 390-28번지 ,서울특별시 마포구 동교로38길 27-19 지1층 좌측 (연남동),서울 마포구 동교로38길,3982,웬웨어와인,U,2019.4.28 2:40,경양식
1,영업/정상,영업,,121904,서울특별시 마포구 상암동 1655번지 상암 월드컵파크 4단지 ,서울특별시 마포구 월드컵북로 381 상가동 1층 201호 (상암동 상암 월드컵파크 4단지),서울 마포구 월드컵북로,3907,요고요고,I,2020.5.22 0:23,기타
1,영업/정상,영업,23343524,121817,서울특별시 마포구 동교동 163-12번지 ,서울특별시 마포구 홍익로6길 26 지하1층 (동교동),서울 마포구 홍익로6길,4050,요기요치킨,I,2018.8.31 23:59,호프/통닭
1,영업/정상,영업,,121893,서울특별시 마포구 서교동 365-17 1층,서울특별시 마포구 홍익로3길 35 (서교동1층),서울 마포구 홍익로3길,4039,요리남,U,2020.10.30 23:00,한식
1,영업/정상,영업,25402842,121842,서울특별시 마포구 서교동 463-23번지 ,서울특별시 마포구 동교로 144-3 (서교동 지하1층지상1층),서울 마포구 동교로,4030,요망진흑돼지 서교점,I,2018.8.31 23:59,중국식
1,영업/정상,영업,,121856,서울특별시 마포구 신수동 457번지 ,서울특별시 마포구 광성로 28 (신수동 벽산 이솔렌스힐 B2층 103호 일부),서울 마포구 광성로,4097,요수정,I,2018.8.31 23:59,한식
1,영업/정상,영업,,121865,서울특별시 마포구 연남동 260-47,서울특별시 마포구 동교로32길 5 3층 (연남동),서울 마포구 동교로32길,3985,요즘,I,2019.12.8 23:01,기타
1,영업/정상,영업,,121828,서울특별시 마포구 상수동 146-23,서울특별시 마포구 와우산로 39-12 (상수동 지1층),서울 마포구 와우산로,4049,요코스카쓰나미 상수점,U,2020.11.1 22:04,기타
1,영업/정상,영업,,121865,서울특별시 마포구 연남동 240-1번지 1층일부 ,서울특별시 마포구 성미산로 161-15 (연남동 1층일부),서울 마포구 성미산로,3980,요코쵸,U,2019.10.2 2:40,일식
1,영업/정상,영업,23336768,121865,서울특별시 마포구 연남동 228-57,서울특별시 마포구 동교로 248 1층 101호 (연남동),서울 마포구 동교로,3982,욜로양꼬치 홍대점,U,2020.11.2 0:09,한식
1,영업/정상,영업,,121843,서울특별시 마포구 성산동 9-15 1층,서울특별시 마포구 월드컵북로16길 41 1층 (성산동),서울 마포구 월드컵북로16길,3974,용강국밥 연남성산점,U,2019.12.8 23:06,분식
1,영업/정상,영업,27166147,121854,서울특별시 마포구 신수동 86-3번지 1층동 ,서울특별시 마포구 백범로 48 1층동 (신수동),서울 마포구 백범로,4109,원조용궁설렁탕,I,2018.8.31 23:59,한식
1,영업/정상,영업,,121795,서울특별시 마포구 상암동 1605 누리꿈스퀘어,서울특별시 마포구 월드컵북로 396 누리꿈스퀘어 지1층 B1019호 (상암동),서울 마포구 월드컵북로,3925,용길이네소머리국밥,U,2019.12.7 22:00,기타
1,영업/정상,영업,,121812,서울특별시 마포구 도화동 179-14번지 ,서울특별시 마포구 도화길 33 (도화동 1층일부),서울 마포구 도화길,4168,용까쓰,U,2019.11.27 2:40,기타
1,영업/정상,영업,,121800,서울특별시 마포구 공덕동 22-13번지 ,서울특별시 마포구 만리재옛길 64 1층 (공덕동),서울 마포구 만리재옛길,4208,용마루굴다리껍데기,I,2018.10.18 2:36,기타
1,영업/정상,영업,23324012,121823,서울특별시 마포구 망원동 419-3번지 ,서울특별시 마포구 망원로 19 (망원동 1층),서울 마포구 망원로,3958,용머리감자탕,I,2018.8.31 23:59,한식
1,영업/정상,영업,231434627,121823,서울특별시 마포구 망원동 419-3번지 107호 ,서울특별시 마포구 망원로 19 (망원동107호),서울 마포구 망원로,3958,용머리숯불꼼장어굴찜,I,2018.8.31 23:59,한식
1,영업/정상,영업,23378855,121903,서울특별시 마포구 망원동 418-12번지 1층 101호,서울특별시 마포구 희우정로 122-1 101호 (망원동1층),서울 마포구 희우정로,4007,용머리 횟집,I,2018.8.31 23:59,한식
1,영업/정상,영업,,121904,서울특별시 마포구 상암동 1603번지 (주)문화방송 ,서울특별시 마포구 성암로 267 (주)문화방송 지1층 B117호 (상암동),서울 마포구 성암로,3925,용무있습니까 상암점,I,2019.11.22 0:23,중국식
1,영업/정상,영업,,121830,서울특별시 마포구 상암동 4-1번지 ,서울특별시 마포구 매봉산로2길 9 2층 (상암동),서울 마포구 매봉산로2길,3927,용심마라탕,U,2020.4.23 2:40,기타
1,영업/정상,영업,27015878,121854,서울특별시 마포구 신수동 23-1번지 ,서울특별시 마포구 서강대길 11 (신수동 1층),서울 마포구 서강대길,4111,용싸키친,I,2018.8.31 23:59,한식
1,영업/정상,영업,,121845,서울특별시 마포구 성산동 200-61,서울특별시 마포구 새터산14길 1 1층 101호 (성산동),서울 마포구 새터산14길,3947,용자돈돈까스III,I,2019.12.7 23:03,기타
1,영업/정상,영업,,121835,서울특별시 마포구 상암동 1597번지 사보이시티디엠씨1층 ,서울특별시 마포구 월드컵북로54길 17 110호 (상암동 사보이시티디엠씨1층),서울 마포구 월드컵북로54길,3924,용호동낙지 상암점,I,2018.8.31 23:59,중국식
1,영업/정상,영업,23231777,121895,서울특별시 마포구 서교동 405-1번지 ,서울특별시 마포구 잔다리로 17 (서교동 3층),서울 마포구 잔다리로,4048,용호동낙지 홍대점,I,2018.8.31 23:59,호프/통닭
1,영업/정상,영업,,121904,서울특별시 마포구 상암동 1630 휴먼시아,서울특별시 마포구 월드컵북로43길 11 상가동 B105호 (상암동 휴먼시아),서울 마포구 월드컵북로43길,3914,우가,I,2019.12.6 22:04,기타
1,영업/정상,영업,231532336,121904,서울특별시 마포구 상암동 1602번지 서울산업진흥원 ,서울특별시 마포구 월드컵북로 400 지1층 B105호 (상암동 서울산업진흥원),서울 마포구 월드컵북로,3925,우가갈비탕,I,2018.8.31 23:59,한식
1,영업/정상,영업,27025047,121030,서울특별시 마포구 신공덕동 172 펜트라우스,서울특별시 마포구 백범로 205 101동 지2층 B230호 (신공덕동 펜트라우스),서울 마포구 백범로,4194,우가촌설렁탕,U,2020.12.3 22:04,한식
1,영업/정상,영업,,121840,서울특별시 마포구 서교동 395-36,서울특별시 마포구 독막로3길 21 1층 (서교동),서울 마포구 독막로3길,4044,우규,U,2020.12.7 22:08,한식
1,영업/정상,영업,,121830,서울특별시 마포구 상암동 13-15,서울특별시 마포구 월드컵북로48길 33-7 1층 (상암동),서울 마포구 월드컵북로48길,3927,우노네,U,2020.10.31 22:07,경양식
1,영업/정상,영업,,121070,서울특별시 마포구 용강동 508 이편한세상 마포리버파크,서울특별시 마포구 토정로31길 24 근생2동 지흥층 B109호 (용강동 이편한세상 마포리버파크),서울 마포구 토정로31길,4166,우동이요이요,I,2019.10.31 23:09,기타
1,영업/정상,영업,23365463,121816,서울특별시 마포구 동교동 154-20 1층,서울특별시 마포구 양화로19길 18 (동교동),서울 마포구 양화로19길,3994,우동가조쿠 홍대점,U,2019.10.30 22:02,한식
1,영업/정상,영업,23333978,121230,서울특별시 마포구 망원동 521 마포한강아이파크,서울특별시 마포구 희우정로 77 상가동 B107호 일부 B108호 (망원동 마포한강아이파크),서울 마포구 희우정로,4016,우동모리,U,2020.11.1 0:05,기타
1,영업/정상,영업,,121839,서울특별시 마포구 서교동 391-5번지 ,서울특별시 마포구 양화로7안길 2-1 12층 (서교동),서울 마포구 양화로7안길,4037,우동카덴 서교점,U,2019.5.10 2:40,일식
1,영업/정상,영업,,121840,서울특별시 마포구 서교동 395-21번지 지층 ,서울특별시 마포구 독막로7길 53 (서교동지층),서울 마포구 독막로7길,4043,우드스탁,I,2018.8.31 23:59,까페
1,영업/정상,영업,,121897,서울특별시 마포구 합정동 367-41 K+M빌딩,서울특별시 마포구 토정로3안길 29 K+M빌딩 지1층 (합정동),서울 마포구 토정로3안길,4083,우디네,U,2020.12.8 23:08,경양식
1,영업/정상,영업,,121897,서울특별시 마포구 합정동 366-7,서울특별시 마포구 독막로2길 23 1층 (합정동),서울 마포구 독막로2길,4072,우뚝이,U,2019.12.6 23:05,기타
1,영업/정상,영업,,121867,서울특별시 마포구 연남동 383-99,서울특별시 마포구 연희로1길 59-2 (연남동 2층),서울 마포구 연희로1길,3982,우뜸,U,2020.10.31 22:01,한식
1,영업/정상,영업,,121836,서울특별시 마포구 서교동 331-12,서울특별시 마포구 어울마당로 136-5 지하1층 (서교동),서울 마포구 어울마당로,4053,우리닭갈비,U,2020.12.4 0:06,한식
1,영업/정상,영업,23362005,121846,서울특별시 마포구 성산동 234-15,서울특별시 마포구 월드컵북로9길 34 1층 (성산동),서울 마포구 월드컵북로9길,3999,우리동네가족국수,U,2020.12.6 22:05,기타
1,영업/정상,영업,,121812,서울특별시 마포구 도화동 179-14번지 ,서울특별시 마포구 도화길 33 2층 (도화동),서울 마포구 도화길,4168,우리동네양조장 도화점,I,2019.2.20 2:21,기타
1,영업/정상,영업,23223489,121846,서울특별시 마포구 성산동 649-5번지 ,서울특별시 마포구 월드컵로 102 (성산동 지상1층),서울 마포구 월드컵로,3996,우리바다수산,I,2018.8.31 23:59,일식
1,영업/정상,영업,,121813,서울특별시 마포구 도화동 334-3번지 ,서울특별시 마포구 도화길 18 (도화동),서울 마포구 도화길,4172,우리회수산,I,2018.8.31 23:59,분식
1,영업/정상,영업,,121898,서울특별시 마포구 동교동 198-7,서울특별시 마포구 동교로27길 8-3 지1층 B03호 (동교동),서울 마포구 동교로27길,3993,우리술사자,U,2020.12.8 0:06,기타
1,영업/정상,영업,23222555,121883,서울특별시 마포구 합정동 356-6번지 ,서울특별시 마포구 어울마당로 17-1 (합정동),서울 마포구 어울마당로,4073,우리식당,I,2018.8.31 23:59,한식
1,영업/정상,영업,,121895,서울특별시 마포구 서교동 411-12번지 ,서울특별시 마포구 와우산로15길 49 2~3층 (서교동),서울 마포구 와우산로15길,4049,우리엄마레시피,I,2020.2.5 0:23,한식
1,영업/정상,영업,23081627,121878,서울특별시 마포구 중동 246-0번지 ,서울특별시 마포구 성암로3길 26 (중동),서울 마포구 성암로3길,3950,우리집양념통닭,I,2018.8.31 23:59,분식
1,영업/정상,영업,,121010,서울특별시 마포구 아현동 777 마포 래미안 푸르지오,서울특별시 마포구 마포대로 195 상가1동 지1층 109호 (아현동 마포 래미안 푸르지오),서울 마포구 마포대로,4129,우리할매떡볶이 아현점,U,2020.12.6 0:04,분식
1,영업/정상,영업,,121867,서울특별시 마포구 연남동 373-14,서울특별시 마포구 동교로 227-5 1층 우측호 (연남동),서울 마포구 동교로,3989,우리할매떡볶이 연남점,U,2020.12.6 23:07,분식
1,영업/정상,영업,27124650,121875,서울특별시 마포구 용강동 38-2번지 ,서울특별시 마포구 토정로37길 13 1층 (용강동),서울 마포구 토정로37길,4166,우림집돼지갈비주물럭,I,2018.8.31 23:59,한식
1,영업/정상,영업,,121840,서울특별시 마포구 서교동 396-46 에이치포빌딩,서울특별시 마포구 독막로3길 30 에이치포빌딩 2층 (서교동),서울 마포구 독막로3길,4047,우마담,U,2020.12.6 23:05,일식
1,영업/정상,영업,,121828,서울특별시 마포구 상수동 86-35 삼송빌딩,서울특별시 마포구 와우산로14길 4 삼송빌딩 1층 (상수동),서울 마포구 와우산로14길,4067,우마쿠시,I,2019.12.7 22:02,기타
1,영업/정상,영업,,121842,서울특별시 마포구 서교동 465-11,서울특별시 마포구 잔다리로 78 1층 (서교동),서울 마포구 잔다리로,4030,우미담,U,2020.11.1 22:03,기타
1,영업/정상,영업,,121865,서울특별시 마포구 연남동 241-60,서울특별시 마포구 동교로51길 91 1층 (연남동),서울 마포구 동교로51길,3980,우미집 1947,I,2019.10.31 22:05,한식
1,영업/정상,영업,,121010,서울특별시 마포구 아현동 780번지 애오개아이파크 ,서울특별시 마포구 굴레방로1길 25 지2층 109호 (아현동 애오개아이파크),서울 마포구 굴레방로1길,4117,우밀칼국수,I,2020.2.26 0:23,기타
1,영업/정상,영업,,121816,서울특별시 마포구 동교동 149-11번지 ,서울특별시 마포구 동교로30길 17-1 1층 102호 (동교동),서울 마포구 동교로30길,3985,연남동우수살롱,U,2020.3.5 2:40,한식
1,영업/정상,영업,,121883,서울특별시 마포구 합정동 410-17 희성,서울특별시 마포구 양화로6길 92 희성 2층 (합정동),서울 마포구 양화로6길,4048,우식궁,I,2020.12.1 0:09,한식
1,영업/정상,영업,,121819,서울특별시 마포구 동교동 201-53,서울특별시 마포구 동교로 185 1층 (동교동),서울 마포구 동교로,3992,우아하게,U,2020.12.4 22:08,한식
1,영업/정상,영업,27176727,121812,서울특별시 마포구 도화동 38-6번지 ,서울특별시 마포구 새창로6길 2 1층 (도화동),서울 마포구 새창로6길,4169,우아한,U,2020.3.19 2:40,한식
1,영업/정상,영업,,121897,서울특별시 마포구 합정동 372-4,서울특별시 마포구 독막로2길 18 1층 (합정동),서울 마포구 독막로2길,4071,우엔,U,2021.12.1 0:05,경양식
1,영업/정상,영업,,121893,서울특별시 마포구 서교동 364-10번지 202호,서울특별시 마포구 와우산로21길 21-16 202호 (서교동),서울 마포구 와우산로21길,4041,우와 홍대본점,I,2018.8.31 23:59,일식
1,영업/정상,영업,,121865,서울특별시 마포구 연남동 240-3 White House,서울특별시 마포구 성미산로 161-11 White House 2층 (연남동),서울 마포구 성미산로,3980,우와,U,2020.12.4 22:00,일식
1,영업/정상,영업,,121822,서울특별시 마포구 망원동 411-21번지 ,서울특별시 마포구 포은로8길 22 1층 (망원동),서울 마포구 포은로8길,4010,우이락,I,2019.11.29 0:23,기타
1,영업/정상,영업,2264048284,121830,서울특별시 마포구 상암동 2-71 1층 일부,서울특별시 마포구 매봉산로2길 25-5 1층 (상암동 일부),서울 마포구 매봉산로2길,3927,우정각,U,2021.12.1 23:09,중국식
1,영업/정상,영업,216889915,121827,서울특별시 마포구 망원동 483-17번지 ,서울특별시 마포구 월드컵로25길 33 (망원동 1층),서울 마포구 월드컵로25길,3964,우정식당,I,2018.8.31 23:59,경양식
1,영업/정상,영업,,121897,서울특별시 마포구 합정동 375-5,서울특별시 마포구 성지길 30 1층 (합정동),서울 마포구 성지길,4071,우주갈비,I,2019.12.6 22:02,기타
1,영업/정상,영업,,121865,서울특별시 마포구 연남동 224-6,서울특별시 마포구 동교로50길 11 지1층 102 103호 (연남동),서울 마포구 동교로50길,3981,우주옥,U,2020.12.6 0:05,한식
1,영업/정상,영업,,121820,서울특별시 마포구 망원동 400-19,서울특별시 마포구 포은로 86-1 1층 (망원동),서울 마포구 포은로,4014,우직 망원점,U,2020.12.6 22:09,한식
1,영업/정상,영업,,121830,서울특별시 마포구 상암동 6-1번지 ,서울특별시 마포구 매봉산로2길 20 (상암동 1층 일부),서울 마포구 매봉산로2길,3927,우한판 상암점,U,2019.1.10 2:40,한식
1,영업/정상,영업,,121829,서울특별시 마포구 상수동 310-25,서울특별시 마포구 독막로15길 5 지층 3호 (상수동),서울 마포구 독막로15길,4049,운김,U,2019.11.1 23:08,일식
1,영업/정상,영업,,121904,서울특별시 마포구 상암동 1601번지 KGIT센터 B125호,서울특별시 마포구 월드컵북로 402 B125호 (상암동 KGIT센터 ),서울 마포구 월드컵북로,3925,운정,I,2018.8.31 23:59,한식
1,영업/정상,영업,,121811,서울특별시 마포구 대흥동 582번지 1층 ,서울특별시 마포구 큰우물로 41 1층 (대흥동),서울 마포구 큰우물로,4152,운주당,U,2018.9.18 23:59,한식
1,영업/정상,영업,23349189,121828,서울특별시 마포구 상수동 92-3,서울특별시 마포구 와우산로11길 10 1층 (상수동),서울 마포구 와우산로11길,4049,웃사브,U,2019.10.30 23:06,경양식
1,영업/정상,영업,,121895,서울특별시 마포구 서교동 403-5,서울특별시 마포구 독막로9길 34 지1층 (서교동),서울 마포구 독막로9길,4048,웅이네오돌뼈 홍대점,U,2020.12.2 0:03,기타
1,영업/정상,영업,,121847,서울특별시 마포구 성산동 244-6,서울특별시 마포구 성미산로 39 1층 (성산동),서울 마포구 성미산로,3968,원 김밥집,I,2019.12.5 22:08,기타
1,영업/정상,영업,,121839,서울특별시 마포구 서교동 484-14 어젠다빌딩,서울특별시 마포구 양화로7길 61-6 어젠다빌딩 1층 (서교동),서울 마포구 양화로7길,4029,원스,I,2020.12.8 0:08,경양식
1,영업/정상,영업,27045309996,121822,서울특별시 마포구 망원동 414-52 1층일부,서울특별시 마포구 포은로8길 11 (망원동 1층일부),서울 마포구 포은로8길,4010,원기정,U,2020.12.2 22:07,한식
1,영업/정상,영업,,121893,서울특별시 마포구 서교동 369-4번지 호곡빌딩 5층 ,서울특별시 마포구 홍익로3길 44 5층 (서교동),서울 마포구 홍익로3길,4039,원나잇,U,2019.8.3 2:40,호프/통닭
1,영업/정상,영업,23331706,121838,서울특별시 마포구 서교동 358-90번지 1층 ,서울특별시 마포구 와우산로21길 20-6 (서교동1층),서울 마포구 와우산로21길,4040,원당감자탕 홍대점,I,2018.8.31 23:59,일식
1,영업/정상,영업,231421636,121842,서울특별시 마포구 서교동 461-1번지 1층 ,서울특별시 마포구 동교로 129 (서교동1층),서울 마포구 동교로,4002,원당감자탕 서교점,U,2019.9.18 2:40,한식
1,영업/정상,영업,23343666,121818,서울특별시 마포구 동교동 168-6번지 ,서울특별시 마포구 홍익로6길 76 (동교동 1층),서울 마포구 홍익로6길,4051,원당감자탕 동교점,U,2018.9.6 23:59,한식
1,영업/정상,영업,,121812,서울특별시 마포구 도화동 179-1,서울특별시 마포구 도화길 35 1층일부 (도화동),서울 마포구 도화길,4168,원당감자탕 마포점,U,2021.12.1 0:02,한식
1,영업/정상,영업,232731688,121856,서울특별시 마포구 신수동 457번지 마포벽산 이- 솔렌스힐@ 상가동 지2층 101호,서울특별시 마포구 광성로 28 101호 (신수동마포벽산 이- 솔렌스힐@ 상가동 지2층),서울 마포구 광성로,4097,원더풀샤브샤브,I,2018.8.31 23:59,중국식
1,영업/정상,영업,23255523,121885,서울특별시 마포구 합정동 387-23,서울특별시 마포구 월드컵로1길 30 (합정동),서울 마포구 월드컵로1길,4025,원마산아구찜 본관,U,2020.12.5 0:02,한식
1,영업/정상,영업,,121816,서울특별시 마포구 동교동 150-22번지 ,서울특별시 마포구 양화로23길 40 1층 (동교동),서울 마포구 양화로23길,3985,원바이트피자클럽,I,2020.5.23 0:23,기타
1,영업/정상,영업,,121869,서울특별시 마포구 연남동 568-20,서울특별시 마포구 연남로1길 37 1층 101호 (연남동 호산나빌),서울 마포구 연남로1길,3991,원숭이반점,U,2019.11.1 22:06,경양식
1,영업/정상,영업,27122676,121812,서울특별시 마포구 도화동 25-11,서울특별시 마포구 새창로 21 (도화동),서울 마포구 새창로,4169,원조갈매기,U,2020.12.1 23:06,한식
1,영업/정상,영업,27136620,121050,서울특별시 마포구 마포동 305-9번지 1층 ,서울특별시 마포구 마포대로4가길 45 1층 (마포동),서울 마포구 마포대로4가길,4176,원조마포구이구이,I,2018.8.31 23:59,한식
1,영업/정상,영업,27125575,121801,서울특별시 마포구 공덕동 115-122번지 외1필지 ,서울특별시 마포구 효창목길 9 (공덕동외1필지),서울 마포구 효창목길,4185,원조마포껍데기집,I,2018.8.31 23:59,한식
1,영업/정상,영업,,121803,서울특별시 마포구 공덕동 256-30번지 ,서울특별시 마포구 만리재로 23 (공덕동 1층 5호),서울 마포구 만리재로,4214,원조마포할머니빈대떡 별관,I,2018.8.31 23:59,한식
1,영업/정상,영업,,121818,서울특별시 마포구 동교동 170-26번지 ,서울특별시 마포구 양화로18안길 26-5 (동교동 1층),서울 마포구 양화로18안길,4051,원조 마포할머니빈대떡족발 홍대점,I,2018.8.31 23:59,한식
1,영업/정상,영업,27031477,121808,서울특별시 마포구 대흥동 2-50번지 ,서울특별시 마포구 대흥로28길 3 (대흥동),서울 마포구 대흥로28길,4112,원조부성감자탕 대흥점,U,2019.4.25 2:40,한식
1,영업/정상,영업,,121875,서울특별시 마포구 용강동 43-2 1층,서울특별시 마포구 토정로 311 (용강동 1층),서울 마포구 토정로,4166,원조부안집 마포직영점,U,2020.12.4 0:02,한식
1,영업/정상,영업,27067825,121809,서울특별시 마포구 대흥동 159-1번지 ,서울특별시 마포구 대흥로 98 (대흥동),서울 마포구 대흥로,4136,원조기사님분식,I,2018.8.31 23:59,분식
1,영업/정상,영업,23385616,121841,서울특별시 마포구 서교동 446-17번지 1층 ,서울특별시 마포구 동교로19길 4 (서교동1층),서울 마포구 동교로19길,4001,원조숯불오리구이,I,2018.8.31 23:59,한식
1,영업/정상,영업,27127462,121875,서울특별시 마포구 용강동 40-1번지 ,서울특별시 마포구 토정로37길 3 (용강동),서울 마포구 토정로,4166,원조조박집 본관,I,2018.8.31 23:59,한식
1,영업/정상,영업,,121803,서울특별시 마포구 공덕동 256-30번지 ,서울특별시 마포구 만리재로 23 (공덕동 1층 13호),서울 마포구 만리재로,4214,원조마포할머니빈대떡 별관,I,2018.8.31 23:59,한식
1,영업/정상,영업,,121805,서울특별시 마포구 공덕동 463번지 ,서울특별시 마포구 마포대로 173 (공덕동 마포현대하이엘 1층 118119호),서울 마포구 마포대로,4130,원할머니보쌈족발 공덕점,I,2018.8.31 23:59,한식
1,영업/정상,영업,,121904,서울특별시 마포구 상암동 1655 상암 월드컵파크 4단지,서울특별시 마포구 월드컵북로 381 상가동 1층 207호 (상암동 상암 월드컵파크 4단지),서울 마포구 월드컵북로,3907,원할머니보쌈족발 상암점,I,2019.11.1 23:03,기타
1,영업/정상,영업,23329292,121826,서울특별시 마포구 망원동 472-15 1층,서울특별시 마포구 월드컵로 161 1층 (망원동),서울 마포구 월드컵로,3962,원할머니보쌈족발 망원점,U,2020.11.1 23:04,한식
1,영업/정상,영업,,121818,서울특별시 마포구 동교동 169-16번지 ,서울특별시 마포구 양화로18안길 10 (동교동 1층),서울 마포구 양화로18안길,4051,원할머니보쌈족발 홍대역점,I,2018.8.31 23:59,한식
1,영업/정상,영업,,121821,서울특별시 마포구 망원동 396-5번지 마포아파트 ,서울특별시 마포구 희우정로 76 103호 (망원동 마포아파트),서울 마포구 희우정로,4017,월강김치생삼겹살,I,2018.8.31 23:59,한식
1,영업/정상,영업,23254545,121865,서울특별시 마포구 연남동 258-14,서울특별시 마포구 동교로 241-1 (연남동),서울 마포구 동교로,3984,월강부산돼지국밥,U,2019.12.7 23:05,한식
1,영업/정상,영업,27070760,121790,서울특별시 마포구 신공덕동 167 메트로디오빌빌딩 103-B호,서울특별시 마포구 백범로 199 메트로디오빌빌딩 103-B호 (신공덕동),서울 마포구 백범로,4195,월남선생 공덕역점,U,2020.12.4 22:08,일식
1,영업/정상,영업,23369229,121883,서울특별시 마포구 합정동 414-19번지 2층 ,서울특별시 마포구 독막로 9 2층 (합정동),서울 마포구 독막로,4046,월남선생 합정역점,I,2018.8.31 23:59,외국음식전문점(인도태국등)
1,영업/정상,영업,222992409,121850,서울특별시 마포구 성산동 590-5번지 상암월드시티 203-1호,서울특별시 마포구 월드컵로34길 13 203-1203-2호 (성산동 상암월드시티),서울 마포구 월드컵로34길,3938,월드아구찜,I,2018.8.31 23:59,한식
1,영업/정상,영업,,121895,서울특별시 마포구 서교동 400-6 대동빌딩,서울특별시 마포구 독막로7길 23 대동빌딩 지하1층 (서교동),서울 마포구 독막로7길,4047,겜블하우스 홍대점,U,2020.11.2 0:04,기타
1,영업/정상,영업,,121867,서울특별시 마포구 연남동 387-45,서울특별시 마포구 동교로46길 10 1층 (연남동),서울 마포구 동교로46길,3982,월량관,I,2019.12.7 23:04,중국식
1,영업/정상,영업,27045333,121801,서울특별시 마포구 공덕동 105-229번지 1층 ,서울특별시 마포구 마포대로14길 19-1 (공덕동1층),서울 마포구 마포대로14길,4207,월매네남원추어탕,I,2018.8.31 23:59,한식
1,영업/정상,영업,,121826,서울특별시 마포구 망원동 475-42번지 1층일부 ,서울특별시 마포구 방울내로 66 1층일부 (망원동),서울 마포구 방울내로,3964,월명식당,I,2019.4.4 2:20,기타
1,영업/정상,영업,,121835,서울특별시 마포구 상암동 1597 사보이시티디엠씨,서울특별시 마포구 월드컵북로54길 17 사보이시티디엠씨 2층 217호 (상암동),서울 마포구 월드컵북로54길,3924,월선네,I,2019.10.31 22:08,기타
1,영업/정상,영업,,121823,서울특별시 마포구 망원동 422-27 메디움 M,서울특별시 마포구 포은로 117 메디움 M 1층 (망원동),서울 마포구 포은로,3958,월순철판동태찜,U,2020.12.8 0:01,한식
1,영업/정상,영업,,121830,서울특별시 마포구 상암동 2-279,서울특별시 마포구 성암로 223 지상1층 (상암동),서울 마포구 성암로,3927,월정곰닭,U,2020.12.4 22:02,한식
1,영업/정상,영업,,121816,서울특별시 마포구 동교동 150-3번지 지1층일부 ,서울특별시 마포구 동교로 230 (동교동 지1층일부),서울 마포구 동교로,3985,월하정인,U,2019.12.18 2:40,호프/통닭
1,영업/정상,영업,,121830,서울특별시 마포구 상암동 8-3번지 지1층 ,서울특별시 마포구 매봉산로2안길 12-6 (상암동 지1층),서울 마포구 매봉산로2안길,3927,월화고기 상암직영 1호점,U,2019.7.13 2:40,한식
1,영업/정상,영업,,121835,서울특별시 마포구 상암동 1469,서울특별시 마포구 성암로13길 22 지상3층 (상암동),서울 마포구 성암로13길,3930,월화가든,U,2019.11.1 22:06,한식
1,영업/정상,영업,,121812,서울특별시 마포구 도화동 179-5,서울특별시 마포구 도화길 29 12층 (도화동),서울 마포구 도화길,4168,월화식당 마포본점,U,2020.12.8 22:09,한식
1,영업/정상,영업,23387984,121817,서울특별시 마포구 동교동 163-20번지 1층 ,서울 마포구 홍익로6길 4,서울 마포구 홍익로6길,,웨스턴철판볶음밥전문점,I,2018.8.31 23:59,한식
1,영업/정상,영업,,121888,서울특별시 마포구 합정동 438-4번지 ,서울특별시 마포구 포은로 37-1 1층 (합정동),서울 마포구 포은로,4020,웨스트빌피자,I,2019.11.1 0:23,기타
1,영업/정상,영업,,121822,서울특별시 마포구 망원동 409-11번지 ,서울특별시 마포구 희우정로20길 36 지층 서측 (망원동),서울 마포구 희우정로20길,4008,웨스트사이드,U,2019.10.13 2:40,외국음식전문점(인도태국등)
1,영업/정상,영업,,121893,서울특별시 마포구 서교동 365-10,서울특별시 마포구 홍익로3길 25 1층 (서교동),서울 마포구 홍익로3길,4039,웨이루 쿼쿠이 홍대점,I,2019.10.31 23:01,중국식
1,영업/정상,영업,,121829,서울특별시 마포구 상수동 323-2번지 2층 ,서울특별시 마포구 독막로 72 2층 (상수동),서울 마포구 독막로,4074,웨일펍,U,2018.12.26 2:40,호프/통닭
1,영업/정상,영업,,121803,서울특별시 마포구 공덕동 256-17번지 ,서울특별시 마포구 마포대로6길 28 1층 (공덕동),서울 마포구 마포대로6길,4214,웰빙김치찜,I,2019.6.16 2:21,기타
1,영업/정상,영업,27177290,121809,서울특별시 마포구 대흥동 140-5,서울특별시 마포구 백범로 101-1 1층 102호 (대흥동),서울 마포구 백범로,4136,웰빙봉평메밀마을,U,2020.10.31 22:07,한식
1,영업/정상,영업,,121830,서울특별시 마포구 상암동 13-2번지 ,서울특별시 마포구 월드컵북로48길 29-10 (상암동 지1층),서울 마포구 월드컵북로48길,3927,웰컴투더헬,U,2018.11.4 2:36,기타
1,영업/정상,영업,,121820,서울특별시 마포구 망원동 401-34번지 ,서울특별시 마포구 포은로 74 (망원동 1층),서울 마포구 포은로,4014,위군,I,2018.8.31 23:59,기타
1,영업/정상,영업,,121865,서울특별시 마포구 연남동 227-31번지 ,서울특별시 마포구 성미산로 190-11 1층 (연남동),서울 마포구 성미산로,3982,위아소울메이트,I,2018.8.31 23:59,경양식
1,영업/정상,영업,,121867,서울특별시 마포구 연남동 387-7번지 ,서울특별시 마포구 성미산로 190-8 1층 101호 (연남동),서울 마포구 성미산로,3982,윌슨피자,I,2019.11.6 0:23,기타
1,영업/정상,영업,23331475,121838,서울특별시 마포구 서교동 357-2번지 ,서울특별시 마포구 홍익로3길 32 (서교동),서울 마포구 홍익로3길,4039,유가네닭갈비 홍대2호점,I,2018.8.31 23:59,한식
1,영업/정상,영업,,121817,서울특별시 마포구 동교동 163-11번지 1층 ,서울특별시 마포구 어울마당로 109 (동교동1층),서울 마포구 어울마당로,4050,유가네닭갈비 홍대1호점,I,2018.8.31 23:59,한식
1,영업/정상,영업,,121899,서울특별시 마포구 동교동 189-2번지 ,서울특별시 마포구 와우산로37길 7 2층 (동교동),서울 마포구 와우산로37길,4056,유경당 연남점,U,2019.12.15 2:40,정종/대포집/소주방
1,영업/정상,영업,27030688,121812,서울특별시 마포구 도화동 183-11번지 ,서울특별시 마포구 도화길 50-5 (도화동 1층),서울 마포구 도화길,4169,유경이네 문어랑조개랑,I,2018.8.31 23:59,한식
1,영업/정상,영업,,121867,서울특별시 마포구 연남동 390-32번지 ,서울특별시 마포구 동교로38길 27-8 1층 (연남동),서울 마포구 동교로38길,3982,유니의우아한식탁,I,2020.1.11 0:23,기타
1,영업/정상,영업,262036709,121822,서울특별시 마포구 망원동 404-39,서울특별시 마포구 포은로 89 1층 (망원동),서울 마포구 포은로,4009,유니콘식당,U,2019.11.1 23:08,한식
1,영업/정상,영업,,121840,서울특별시 마포구 서교동 395-13,서울특별시 마포구 잔다리로 35 1층 102호 (서교동),서울 마포구 잔다리로,4043,유니티레코드바,U,2021.12.1 0:07,기타
1,영업/정상,영업,27151772,121807,서울특별시 마포구 노고산동 109-154번지 ,서울특별시 마포구 서강로 128 (노고산동),서울 마포구 서강로,4100,유대경능이누룽지닭오리백숙,I,2018.8.31 23:59,한식
1,영업/정상,영업,,121895,서울특별시 마포구 서교동 402-12,서울특별시 마포구 양화로6길 99-11 1층 (서교동),서울 마포구 양화로6길,4048,합정유리,I,2021.11.30 22:09,기타
1,영업/정상,영업,,121895,서울특별시 마포구 서교동 403-1,서울특별시 마포구 어울마당로 55 2층 (서교동),서울 마포구 어울마당로,4048,유림상회,I,2019.12.6 22:04,기타
1,영업/정상,영업,,121893,서울특별시 마포구 서교동 394-9번지 1층 ,서울특별시 마포구 양화로8길 32-5 1층 (서교동),서울 마포구 양화로8길,4044,유메,I,2018.8.31 23:59,일식
1,영업/정상,영업,,121801,서울특별시 마포구 공덕동 105-230번지 1층일부 ,서울특별시 마포구 마포대로14길 19 1층일부 (공덕동),서울 마포구 마포대로14길,4207,유명초밥전문점,I,2019.5.5 2:20,기타
1,영업/정상,영업,,121865,서울특별시 마포구 연남동 225-12,서울특별시 마포구 동교로 277 1층 (연남동),서울 마포구 동교로,3980,유부,U,2020.12.8 22:05,기타
1,영업/정상,영업,,121806,서울특별시 마포구 노고산동 31-170,서울특별시 마포구 백범로 17 1층 (노고산동),서울 마포구 백범로,4108,유부선생 서강대점,U,2020.11.1 21:01,한식
1,영업/정상,영업,,121828,서울특별시 마포구 상수동 92-6,서울특별시 마포구 와우산로13길 19 2층 (상수동),서울 마포구 와우산로13길,4049,유선생돈가스,U,2020.12.8 0:01,경양식
1,영업/정상,영업,,121821,서울특별시 마포구 망원동 398-15번지,서울특별시 마포구 망원로6길 56 1층 101호 (망원동),서울 마포구 망원로6길,4015,유어다이닝,I,2019.12.5 23:04,기타
1,영업/정상,영업,,121865,서울특별시 마포구 연남동 260-28 계림빌딩,서울특별시 마포구 동교로 240 계림빌딩 2층 (연남동),서울 마포구 동교로,3982,유언비어,U,2020.12.7 23:01,한식
1,영업/정상,영업,,121841,서울특별시 마포구 서교동 487번지 대우 미래사랑 1층 101호 ,서울특별시 마포구 월드컵북로5나길 18 (서교동대우 미래사랑 1층 101호),서울 마포구 월드컵북로5나길,4002,유원냉면,I,2018.8.31 23:59,까페
1,영업/정상,영업,,121837,서울특별시 마포구 서교동 342-16번지 1층일부 ,서울특별시 마포구 와우산로23길 18-7 (서교동 1층일부),서울 마포구 와우산로23길,4054,유익상스시,U,2020.5.3 2:40,기타
1,영업/정상,영업,,121829,서울특별시 마포구 상수동 332-1번지 ,서울특별시 마포구 와우산로3길 3 (상수동 지층),서울 마포구 와우산로3길,4074,유즈 상수점,I,2018.8.31 23:59,일식
1,영업/정상,영업,,121883,서울특별시 마포구 합정동 414-18번지 ,서울특별시 마포구 독막로 11-5 1층 (합정동),서울 마포구 독막로,4046,유진정육식당,I,2018.8.31 23:59,한식
1,영업/정상,영업,23229236,121818,서울특별시 마포구 동교동 169-4번지 ,서울특별시 마포구 어울마당로 145-2 (동교동),서울 마포구 어울마당로,4051,육회한뒷고기,U,2019.9.28 2:40,한식
1,영업/정상,영업,,121835,서울특별시 마포구 상암동 1596번지 상암DMC푸르지오시티 S-City ,서울특별시 마포구 월드컵북로54길 25 상암DMC푸르지오시티 S-City 지1층 B110호 (상암동),서울 마포구 월드컵북로54길,3924,유타로 상암점,U,2020.1.24 2:40,일식
1,영업/정상,영업,,121830,서울특별시 마포구 상암동 42-19번지 ,서울특별시 마포구 월드컵북로44길 79 (상암동 1층),서울 마포구 월드컵북로44길,3927,유풍상회,U,2020.3.21 2:40,한식
1,영업/정상,영업,,121820,서울특별시 마포구 망원동 57-194,서울특별시 마포구 월드컵로19길 74 지하2층 B04 B05호 (망원동),서울 마포구 월드컵로19길,4014,육장,U,2020.12.6 0:02,한식
1,영업/정상,영업,23259770,121883,서울특별시 마포구 합정동 410-2번지 ,서울특별시 마포구 독막로 55 (합정동),서울 마포구 양화로6길,4048,육값하네 1호점,I,2018.8.31 23:59,한식
1,영업/정상,영업,27088886969,121865,서울특별시 마포구 연남동 227-24,서울특별시 마포구 성미산로 190-3 지층 (연남동),서울 마포구 성미산로,3982,육구덮밥 연남점,U,2021.12.1 0:02,한식
1,영업/정상,영업,2207181763,121876,서울특별시 마포구 용강동 494-40번지 ,서울특별시 마포구 토정로 261 (용강동),서울 마포구 토정로,4159,육도,U,2019.11.3 2:40,분식
1,영업/정상,영업,,121874,서울특별시 마포구 염리동 168-9번지 ,서울특별시 마포구 독막로 311 (염리동 재화스퀘어 B1 112호일부),서울 마포구 독막로,4156,육미전복,I,2018.8.31 23:59,일식
1,영업/정상,영업,27144636,121813,서울특별시 마포구 도화동 250-3번지 ,서울특별시 마포구 도화길 8-2 (도화동),서울 마포구 도화길,4173,육선생,I,2018.8.31 23:59,한식
1,영업/정상,영업,,121808,서울특별시 마포구 대흥동 12-1,서울특별시 마포구 신촌로 182 1층 (대흥동),서울 마포구 신촌로,4104,육수당 이대역점,I,2019.12.6 23:07,기타
1,영업/정상,영업,,121875,서울특별시 마포구 용강동 50-11 한국카본빌딩,서울특별시 마포구 토정로 310 한국카본빌딩 1층 (용강동),서울 마포구 토정로,4165,육시리 마포직영점,U,2021.12.1 0:07,기타
1,영업/정상,영업,,121867,서울특별시 마포구 연남동 383-103,서울특별시 마포구 연희로1길 59 (연남동 2-3층),서울 마포구 연희로1길,3982,육회 & 와인바 육식공룡,U,2020.12.3 21:00,기타
1,영업/정상,영업,23346392,121893,서울특별시 마포구 서교동 364-18번지 ,서울특별시 마포구 어울마당로 76 2층 (서교동),서울 마포구 어울마당로,4041,육쌈냉면 홍대1호점,I,2018.8.31 23:59,한식
1,영업/정상,영업,231420637,121837,서울특별시 마포구 서교동 345-27,서울특별시 마포구 와우산로23길 35 2층 (서교동),서울 마포구 와우산로23길,4055,육쌈냉면 홍대2호점,U,2019.11.2 0:04,한식
1,영업/정상,영업,27077177624,121895,서울특별시 마포구 서교동 403-4번지 DE빌딩 ,서울특별시 마포구 독막로9길 38 3층 (서교동),서울 마포구 독막로9길,4048,650,I,2018.8.31 23:59,기타
1,영업/정상,영업,,121835,서울특별시 마포구 상암동 1597번지 사보이시티디엠씨 219220221호 ,서울특별시 마포구 월드컵북로54길 17 (상암동 사보이시티디엠씨 219220221호),서울 마포구 월드컵북로54길,3924,육장갈비 상암점,U,2020.4.18 2:40,한식
1,영업/정상,영업,,121835,서울특별시 마포구 상암동 1595-1번지 1층 101호 ,서울특별시 마포구 월드컵북로56길 19 (상암동 1층 101호),서울 마포구 월드컵북로56길,3923,육전국밥 상암점,U,2020.2.19 2:40,분식
1,영업/정상,영업,,121897,서울특별시 마포구 합정동 374-1번지 ,서울특별시 마포구 양화로 36 (합정동 1층),서울 마포구 양화로,4071,육전국밥 합정점,U,2020.3.28 2:40,한식
1,영업/정상,영업,,121840,서울특별시 마포구 서교동 396-45,서울특별시 마포구 독막로3길 34 1층 (서교동),서울 마포구 독막로3길,4047,육지,U,2020.12.5 23:07,한식
1,영업/정상,영업,2231424141,121895,서울특별시 마포구 서교동 408-6번지 ,서울특별시 마포구 와우산로17길 25 (서교동 1층),서울 마포구 와우산로17길,4049,육통령 홍대점,U,2018.9.28 23:59,한식
1,영업/정상,영업,,121842,서울특별시 마포구 서교동 468-32번지 1층 ,서울특별시 마포구 잔다리로 97 1층 (서교동),서울 마포구 잔다리로,4003,육향,I,2018.8.31 23:59,한식
1,영업/정상,영업,23339202,121826,서울특별시 마포구 망원동 471-32번지 월드빌라 1층101호 ,서울특별시 마포구 월드컵로31길 20 (망원동월드빌라 1층101호),서울 마포구 월드컵로31길,3961,6호선닭한마리,I,2018.8.31 23:59,한식
1,영업/정상,영업,,121827,서울특별시 마포구 망원동 479-91번지 1층일부(103호) ,서울특별시 마포구 망원로11길 29 (망원동 1층일부),서울 마포구 망원로11길,3964,육회by유신 망원점,I,2018.8.31 23:59,한식
1,영업/정상,영업,,121841,서울특별시 마포구 서교동 449-43,서울특별시 마포구 월드컵북로5길 22 1층 (서교동),서울 마포구 월드컵북로5길,4000,육회란연어다 홍대서교점,U,2021.12.1 23:03,한식
1,영업/정상,영업,,121818,서울특별시 마포구 동교동 179-27,서울특별시 마포구 신촌로4길 5-5 1층 (동교동),서울 마포구 신촌로4길,4056,육회랑연어랑,I,2019.12.8 22:03,기타
1,영업/정상,영업,,121895,서울특별시 마포구 서교동 402-6,서울특별시 마포구 독막로9길 8 1층 101호 (서교동),서울 마포구 독막로9길,4048,육회로,U,2019.10.31 22:01,기타
1,영업/정상,영업,,121883,서울특별시 마포구 합정동 410-21번지 정원빌딩 1층 ,서울특별시 마포구 양화로6길 102 정원빌딩 1층 (합정동),서울 마포구 양화로6길,4048,육회먹은연어 홍대본점,U,2020.3.26 2:40,한식
1,영업/정상,영업,,121803,서울특별시 마포구 공덕동 242-31번지 1층 ,서울특별시 마포구 마포대로12길 24 (공덕동1층),서울 마포구 마포대로12길,4211,육회어때 공덕점,U,2020.4.23 2:40,한식
1,영업/정상,영업,,121873,서울특별시 마포구 염리동 159-8번지 1층 ,서울특별시 마포구 백범로26길 8 1층 (염리동),서울 마포구 백범로26길,4149,육회어때 염리점,U,2019.11.23 2:40,기타
1,영업/정상,영업,,121830,서울특별시 마포구 상암동 14-7 1층,서울특별시 마포구 매봉산로2길 34 (상암동 1층),서울 마포구 매봉산로2길,3927,육회왕자연어공주 상암DMC점,U,2020.12.8 23:07,한식
1,영업/정상,영업,,121830,서울특별시 마포구 상암동 11-44번지 12층 ,서울특별시 마포구 월드컵북로44길 76-9 12층 (상암동),서울 마포구 월드컵북로44길,3927,육회의갑,U,2019.3.10 2:40,한식
1,영업/정상,영업,,121840,서울특별시 마포구 서교동 395-29,서울특별시 마포구 독막로3길 27 1층 (서교동),서울 마포구 독막로3길,4044,육회한달밤,U,2020.12.9 0:09,한식
1,영업/정상,영업,,121867,서울특별시 마포구 연남동 387-12 하늘드리움,서울특별시 마포구 동교로 262-3 하늘드리움 지1층 (연남동),서울 마포구 동교로,3982,윤달,I,2020.12.3 22:01,한식
1,영업/정상,영업,,121837,서울특별시 마포구 서교동 346-50번지 ,서울특별시 마포구 홍익로2길 31 (서교동 1층일부),서울 마포구 홍익로2길,4055,윤서울,U,2019.5.23 2:40,기타
1,영업/정상,영업,,121869,서울특별시 마포구 연남동 566-24번지 ,서울특별시 마포구 연남로1길 22 (연남동 1층),서울 마포구 연남로1길,3990,윤성용레스토랑,I,2018.8.31 23:59,기타
1,영업/정상,영업,,121816,서울특별시 마포구 동교동 152-17 1층,서울특별시 마포구 동교로 218 (동교동 1층),서울 마포구 동교로,3994,윤수김밥,U,2019.10.31 22:06,한식
1,영업/정상,영업,23331166,121820,서울특별시 마포구 망원동 57-33번지 ,서울특별시 마포구 월드컵로 95 지상2층 (망원동),서울 마포구 월드컵로,4012,윤수산,U,2019.10.18 2:40,호프/통닭
1,영업/정상,영업,,121869,서울특별시 마포구 연남동 515-22번지 까사벨라 1층101호 ,서울특별시 마포구 연남로 21 1층 101호 (연남동 까사벨라),서울 마포구 연남로,3988,윤수샌드위치 연남점,I,2018.8.31 23:59,한식
1,영업/정상,영업,,121884,서울특별시 마포구 합정동 363-30,서울특별시 마포구 독막로4길 9 1층 (합정동),서울 마포구 독막로4길,4072,윤슬,U,2020.12.4 22:06,일식
1,영업/정상,영업,,121865,서울특별시 마포구 연남동 228-8번지 ,서울특별시 마포구 성미산로 184 (연남동 1층 일부),서울 마포구 성미산로,3982,윤씨그릴방,I,2018.8.31 23:59,한식
1,영업/정상,영업,2231464116,121895,서울특별시 마포구 서교동 411-6 지1층,서울특별시 마포구 와우산로15길 15 (서교동지1층),서울 마포구 와우산로15길,4049,윤씨밀방,U,2020.12.4 22:00,까페
1,영업/정상,영업,,121821,서울특별시 마포구 망원동 396-5번지 마포아파트 ,서울특별시 마포구 희우정로 76 1층 102호 (망원동 마포아파트),서울 마포구 희우정로,4017,윤재윤지네 왕십리곱창,I,2018.10.6 2:37,한식
1,영업/정상,영업,,121839,서울특별시 마포구 서교동 480-27,서울특별시 마포구 동교로12안길 23 1층 (서교동),서울 마포구 동교로12안길,4029,윤해빛찬,U,2020.12.4 22:02,일식
1,영업/정상,영업,,121836,서울특별시 마포구 서교동 331-9,서울특별시 마포구 어울마당로 136-13 지층좌측 (서교동),서울 마포구 어울마당로,4053,으네네,U,2020.12.6 22:02,기타
1,영업/정상,영업,23933393,121859,서울특별시 마포구 아현동 346-44,서울특별시 마포구 굴레방로9길 44 (아현동),서울 마포구 굴레방로9길,4115,은성순대국,U,2020.12.7 22:06,한식
1,영업/정상,영업,,121886,서울특별시 마포구 합정동 391-19,서울특별시 마포구 월드컵로3길 56 1층 (합정동),서울 마포구 월드컵로3길,4026,은하루,U,2020.12.6 0:03,중국식
1,영업/정상,영업,27012401,121745,서울특별시 마포구 도화동 173번지 삼창빌딩 지하 5960호 ,서울특별시 마포구 마포대로 63-8 (도화동삼창빌딩 지하 5960호),서울 마포구 마포대로,4157,은하장,I,2018.8.31 23:59,중국식
1,영업/정상,영업,23356717,121836,서울특별시 마포구 서교동 325-14 1층,서울특별시 마포구 와우산로32길 5 (서교동),서울 마포구 와우산로32길,4061,은하수 즉석떡볶이,U,2020.12.2 23:08,호프/통닭
1,영업/정상,영업,27024987,121812,서울특별시 마포구 도화동 173번지 삼창프라자빌딩 ,서울특별시 마포구 마포대로 63-8 삼창프라자빌딩 (도화동),서울 마포구 마포대로,4157,은행골 마포점,U,2019.10.3 2:40,한식
1,영업/정상,영업,,121895,서울특별시 마포구 서교동 409-14번지 지하1층 ,서울특별시 마포구 와우산로15길 34 (서교동),서울 마포구 와우산로15길,4049,은행골 홍대점,U,2019.10.3 2:40,경양식
1,영업/정상,영업,,121818,서울특별시 마포구 동교동 169-30,서울특별시 마포구 어울마당로 145 (동교동),서울 마포구 어울마당로,4051,은행골 본사직영점,U,2019.11.1 21:01,통닭(치킨)
1,영업/정상,영업,,121835,서울특별시 마포구 상암동 1597,서울특별시 마포구 월드컵북로54길 17 지1층 지120121호 (상암동),서울 마포구 월드컵북로54길,3924,은행골 상암점,U,2020.10.31 23:07,호프/통닭
1,영업/정상,영업,27171922,121872,서울특별시 마포구 염리동 147-6,서울특별시 마포구 숭문길 24 (염리동),서울 마포구 숭문길,4138,을밀대 본점,U,2020.12.3 0:09,호프/통닭
1,영업/정상,영업,27129252,121803,서울특별시 마포구 공덕동 256-5번지 1층 ,서울특별시 마포구 마포대로6길 20-1 (공덕동 1층),서울 마포구 마포대로6길,4214,을왕리해물칼국수,I,2018.8.31 23:59,한식
1,영업/정상,영업,,121826,서울특별시 마포구 망원동 473-5,서울특별시 마포구 방울내로 79 1층 106호 (망원동),서울 마포구 방울내로,3961,을찌로국물떡볶이 망원점,U,2020.12.4 22:01,분식
1,영업/정상,영업,,121830,서울특별시 마포구 상암동 4-2 효인빌딩,서울특별시 마포구 매봉산로2길 15 효인빌딩 201호 (상암동),서울 마포구 매봉산로2길,3927,음세이로무시 상암점,U,2020.12.4 22:01,일식
1,영업/정상,영업,23138285,121861,서울특별시 마포구 아현동 397-5번지 보령빌딩 ,서울특별시 마포구 마포대로24길 56 보령빌딩 1층 B호 (아현동),서울 마포구 마포대로24길,4202,응급실국물떡볶이 서울공덕점,I,2019.11.16 0:23,분식
1,영업/정상,영업,,121904,서울특별시 마포구 상암동 1605번지 ,서울특별시 마포구 월드컵북로 396 (상암동 B1 1109호일부),서울 마포구 월드컵북로,3925,응급실국물떡볶이 서울마포상암점,I,2018.8.31 23:59,분식
1,영업/정상,영업,,121120,서울특별시 마포구 현석동 47번지 ,서울특별시 마포구 신수로 28 1층 (현석동),서울 마포구 신수로,4091,응급실국물떡볶이 서울광흥창역점,I,2019.7.6 2:21,기타
1,영업/정상,영업,23336820,121839,서울특별시 마포구 서교동 478-2번지 1층 ,서울특별시 마포구 월드컵로10길 36 (서교동),서울 마포구 월드컵로10길,4003,의정부부대찌개,I,2018.8.31 23:59,한식
1,영업/정상,영업,,121812,서울특별시 마포구 도화동 51-1번지 지하1층4호 ,서울특별시 마포구 마포대로 49 (도화동 지하1층4호),서울 마포구 마포대로,4158,의정부부대찌개 마포역점,I,2018.8.31 23:59,한식
1,영업/정상,영업,,121807,서울특별시 마포구 노고산동 54-28번지 ,서울특별시 마포구 신촌로16길 20 (노고산동 2층),서울 마포구 신촌로16길,4057,이가네한식뷔페,I,2018.8.31 23:59,호프/통닭
1,영업/정상,영업,,121888,서울특별시 마포구 합정동 472번지 마포 한강 푸르지오,서울특별시 마포구 월드컵로1길 14 B117-2호 (합정동 마포 한강 푸르지오),서울 마포구 월드컵로1길,4024,이가네양꼬치 합정점,U,2019.12.5 23:09,식육(숯불구이)
1,영업/정상,영업,,121892,서울특별시 마포구 창전동 442번지 ,서울특별시 마포구 창전로 45 (창전동 한화오벨리스크 102동 102호),서울 마포구 창전로,4086,이가족발,I,2018.8.31 23:59,한식
1,영업/정상,영업,,121816,서울특별시 마포구 동교동 147-21번지 ,서울특별시 마포구 양화로23길 20 1층 (동교동),서울 마포구 양화로23길,3985,이가탕수6,U,2019.2.13 2:40,기타
1,영업/정상,영업,,121893,서울특별시 마포구 서교동 364-15번지 서포빌딩 지상1층 ,서울특별시 마포구 어울마당로 70 (서교동 서포빌딩 지상1층),서울 마포구 어울마당로,4041,이공족발 홍대직영점,U,2020.3.1 2:40,한식
1,영업/정상,영업,,121867,서울특별시 마포구 연남동 385-1번지 수목원 2층 ,서울특별시 마포구 동교로46길 29 2층 (연남동 수목원),서울 마포구 동교로46길,3982,이관우파스타,I,2018.8.31 23:59,경양식
1,영업/정상,영업,,121865,서울특별시 마포구 연남동 227-13 1층,서울특별시 마포구 동교로46길 34 1층 (연남동),서울 마포구 동교로46길,3982,이네비비,U,2021.12.1 0:02,호프/통닭
1,영업/정상,영업,27082027308,121865,서울특별시 마포구 연남동 226-16,서울특별시 마포구 성미산로 197 1층 103호 (연남동),서울 마포구 성미산로,3981,이노시시,U,2020.12.7 23:09,기타
1,영업/정상,영업,,121809,서울특별시 마포구 대흥동 255-2,서울특별시 마포구 대흥로 80-15 지1층 (대흥동),서울 마포구 대흥로,4149,이놀로지,I,2020.10.30 23:06,경양식
1,영업/정상,영업,,121896,서울특별시 마포구 서교동 442-29,서울특별시 마포구 월드컵로14길 17 지층 (서교동),서울 마포구 월드컵로14길,3996,이담살롱,U,2019.10.31 23:05,일식
1,영업/정상,영업,231436638,121898,서울특별시 마포구 동교동 158-20번지 ,서울특별시 마포구 동교로 196 1층 (동교동),서울 마포구 동교로,3995,이대조뼈다귀,U,2020.3.4 2:40,한식
1,영업/정상,영업,,121870,서울특별시 마포구 염리동 9-34번지 ,서울특별시 마포구 숭문16길 6 1층 (염리동),서울 마포구 숭문16길,4122,페리카나 이대점,U,2018.11.16 2:37,한식
1,영업/정상,영업,23226502,121836,서울특별시 마포구 서교동 333-10번지 지하1층 일부 ,서울특별시 마포구 와우산로29라길 12 (서교동),서울 마포구 와우산로29라길,4053,이대포 사골부대찌개,I,2018.8.31 23:59,한식
1,영업/정상,영업,,121805,서울특별시 마포구 공덕동 445-1번지 공덕더샵아파트 101동 2호,서울특별시 마포구 백범로 170 101동 2호 (공덕동 공덕더샵아파트),서울 마포구 백범로,4148,이도맨숀 공덕점,I,2018.8.31 23:59,한식
1,영업/정상,영업,,121919,서울특별시 마포구 서교동 490번지 메세나폴리스,서울특별시 마포구 양화로 45 지층 B1115호 (서교동 메세나폴리스),서울 마포구 양화로,4036,이두부야순두부찌개 합정점,I,2019.12.5 23:02,한식
1,영업/정상,영업,23638056,121862,서울특별시 마포구 아현동 618-23번지 1층동 ,서울특별시 마포구 마포대로 179-1 1층동 (아현동),서울 마포구 마포대로,4130,이리목우촌,I,2018.8.31 23:59,한식
1,영업/정상,영업,,121835,서울특별시 마포구 상암동 1451,서울특별시 마포구 월드컵북로48길 53 1층 101호 (상암동),서울 마포구 월드컵북로48길,3927,이마,U,2020.12.4 23:09,일식
1,영업/정상,영업,,121865,서울특별시 마포구 연남동 241-74,서울특별시 마포구 성미산로29안길 19-7 2층 (연남동),서울 마포구 성미산로29안길,3980,이마치,U,2020.11.30 22:09,기타
1,영업/정상,영업,23258812,121893,서울특별시 마포구 서교동 370-31번지 ,서울특별시 마포구 홍익로5길 49 12층 (서교동),서울 마포구 홍익로5길,4039,이모네,I,2018.8.31 23:59,한식
1,영업/정상,영업,,121830,서울특별시 마포구 상암동 34-34번지 ,서울특별시 마포구 월드컵북로48길 8 (상암동 1층),서울 마포구 월드컵북로48길,3930,이모네 전,I,2018.8.31 23:59,한식
1,영업/정상,영업,23932961,121861,서울특별시 마포구 아현동 437-3번지 고려아카데미텔 1층동 107호,서울특별시 마포구 마포대로 196 1층동 107호 (아현동고려아카데미텔),서울 마포구 마포대로,4206,이모집,I,2018.8.31 23:59,한식
1,영업/정상,영업,,121840,서울특별시 마포구 서교동 395-37번지 용성빌딩 ,서울특별시 마포구 독막로3길 17 용성빌딩 2층 (서교동),서울 마포구 독막로3길,4044,이목,I,2019.12.26 0:23,기타
1,영업/정상,영업,,121838,서울특별시 마포구 서교동 352-25 1층일부,서울특별시 마포구 월드컵북로1길 30 (서교동 1층일부),서울 마포구 월드컵북로1길,4031,e문어세상해천탕 서교점,U,2019.12.6 23:01,한식
1,영업/정상,영업,23044353,121830,서울특별시 마포구 상암동 37-25 상암경동빌딩,서울특별시 마포구 월드컵북로 345 상암경동빌딩 1층 (상암동),서울 마포구 월드컵북로,3912,이베리코민족 상암점,U,2020.12.5 23:07,한식
1,영업/정상,영업,,121835,서울특별시 마포구 상암동 1596 상암DMC푸르지오시티 S-City,서울특별시 마포구 월드컵북로54길 25 상암DMC푸르지오시티 S-City 지1층 B112호 (상암동),서울 마포구 월드컵북로54길,3924,이불덮밥 상암DMC점,U,2020.12.3 22:09,기타
1,영업/정상,영업,,121837,서울특별시 마포구 서교동 486번지 서교푸르지오 ,서울특별시 마포구 홍익로 10 101동 1층 121호 (서교동 서교푸르지오),서울 마포구 홍익로,4055,이븟,I,2020.2.19 0:23,기타
1,영업/정상,영업,23720908,121830,서울특별시 마포구 상암동 13-10,서울특별시 마포구 월드컵북로48길 31 (상암동 1층),서울 마포구 월드컵북로48길,3927,이비가짬뽕 상암점,U,2020.10.31 0:08,중국식
1,영업/정상,영업,23234440,121838,서울특별시 마포구 서교동 358-15 지1층,서울특별시 마포구 홍익로 7 (서교동지1층),서울 마포구 홍익로,4040,이빠네마그릴 홍대점,U,2021.12.1 0:01,경양식
1,영업/정상,영업,27194437,121810,서울특별시 마포구 대흥동 332-9번지 ,서울특별시 마포구 대흥로 68 (대흥동),서울 마포구 대흥로,4150,이쁜이쭈꾸미,I,2018.8.31 23:59,한식
1,영업/정상,영업,27154052,121805,서울특별시 마포구 공덕동 462번지 파크팰리스2 B109호 ,서울특별시 마포구 마포대로 143 (공덕동파크팰리스2 B109호),서울 마포구 마포대로,4143,이서방네,I,2018.8.31 23:59,분식
1,영업/정상,영업,,121868,서울특별시 마포구 연남동 453-9,서울특별시 마포구 동교로51길 111 1층 (연남동),서울 마포구 동교로51길,3979,이석덕생면파스타,I,2019.12.8 23:09,기타
1,영업/정상,영업,,121835,서울특별시 마포구 상암동 1590 상암 IT Tower,서울특별시 마포구 월드컵북로 434 상암 IT Tower 1층 112 112-1호 (상암동),서울 마포구 월드컵북로,3922,이선생짜글이 상암점,U,2020.10.30 23:06,분식
1,영업/정상,영업,,121836,서울특별시 마포구 서교동 328-10,서울특별시 마포구 와우산로29길 14-29 지1층 (서교동),서울 마포구 와우산로29길,4052,이세상 괜한걱정,U,2019.11.2 0:05,기타
1,영업/정상,영업,,121805,서울특별시 마포구 공덕동 476번지 102동 8호,서울특별시 마포구 백범로 152 102동 8호 (공덕동),서울 마포구 백범로,4148,이스탄불그릴,I,2018.8.31 23:59,외국음식전문점(인도태국등)
1,영업/정상,영업,,121894,서울특별시 마포구 서교동 378-1,서울특별시 마포구 잔다리로7안길 3 1층 (서교동),서울 마포구 잔다리로7안길,4034,커리지널,U,2020.12.6 22:02,일식
1,영업/정상,영업,,121829,서울특별시 마포구 상수동 315-3,서울특별시 마포구 독막로15길 3-3 1층 101호 (상수동),서울 마포구 독막로15길,4049,이안정,U,2020.12.8 22:05,기타
1,영업/정상,영업,,121815,서울특별시 마포구 도화동 571 나눔빌딩1층107호,서울특별시 마포구 도화길 43 1층 107호 (도화동 나눔빌딩),서울 마포구 도화길,4168,이야기를담은라멘 공덕점,U,2020.12.5 22:07,한식
1,영업/정상,영업,,121836,서울특별시 마포구 서교동 334-6,서울특별시 마포구 와우산로29다길 10 1층 202호 (서교동),서울 마포구 와우산로29다길,4053,이양권반상,U,2020.12.8 22:09,한식
1,영업/정상,영업,,121865,서울특별시 마포구 연남동 229-59 1층,서울특별시 마포구 동교로 255 1층 (연남동),서울 마포구 동교로,3983,이억만껍데기,U,2020.12.2 0:03,기타
1,영업/정상,영업,,121812,서울특별시 마포구 도화동 183-6번지 ,서울특별시 마포구 도화길 50-1 123층 (도화동),서울 마포구 도화길,4169,이억만항정껍데기,U,2019.9.20 2:40,기타
1,영업/정상,영업,,121843,서울특별시 마포구 성산동 608-13번지 1층일부 ,서울특별시 마포구 연남로11길 44 (성산동 1층일부),서울 마포구 연남로11길,3974,이영이주점,U,2020.4.18 2:40,일식
1,영업/정상,영업,,121867,서울특별시 마포구 연남동 387-7번지 ,서울특별시 마포구 성미산로 190-8 2층 (연남동),서울 마포구 성미산로,3982,이와나시,U,2019.3.13 2:40,일식
1,영업/정상,영업,,121875,서울특별시 마포구 용강동 50-16 A&D빌딩,서울특별시 마포구 마포대로1길 16 A&D빌딩 3층 (용강동),서울 마포구 마포대로1길,4165,이요이요스시 용강4호점,U,2020.12.5 22:00,일식
1,영업/정상,영업,,121805,서울특별시 마포구 공덕동 469번지 ,서울특별시 마포구 마포대로 167 (공덕동 래미안상가 지하5층 106호),서울 마포구 마포대로,4131,이요이요스시 공덕1호점,I,2018.8.31 23:59,일식
1,영업/정상,영업,,121812,서울특별시 마포구 도화동 169-1번지 지1층일부 ,서울특별시 마포구 마포대로 58 (도화동 지1층일부),서울 마포구 마포대로,4168,이요이요스시 서울가든호텔점,I,2018.8.31 23:59,일식
1,영업/정상,영업,,121805,서울특별시 마포구 공덕동 476번지 ,서울특별시 마포구 백범로 152 (공덕동 201동14호),서울 마포구 백범로,4148,이요이요스시,I,2018.8.31 23:59,일식
1,영업/정상,영업,,121836,서울특별시 마포구 서교동 327-41,서울특별시 마포구 와우산로29길 4-20 1층 (서교동),서울 마포구 와우산로29길,4052,eert식당,U,2020.12.2 22:03,기타
1,영업/정상,영업,,121805,서울특별시 마포구 공덕동 476번지 공덕파크자이 ,서울특별시 마포구 백범로 152 201동 1층 4호 (공덕동 공덕파크자이),서울 마포구 백범로,4148,이인,I,2019.10.6 0:22,기타
1,영업/정상,영업,,121812,서울특별시 마포구 도화동 181-9번지 2층 ,서울특별시 마포구 도화길 47-2 (도화동2층),서울 마포구 도화길,4168,이자카야신,U,2019.11.2 2:40,한식
1,영업/정상,영업,,121895,서울특별시 마포구 서교동 411-5 대원빌라,서울특별시 마포구 와우산로15길 11 지층 102호 (서교동 대원빌라),서울 마포구 와우산로15길,4049,이자카야아이루,U,2021.12.1 23:03,분식
1,영업/정상,영업,,121816,서울특별시 마포구 동교동 148-8,서울특별시 마포구 양화로23길 24 2층 (동교동),서울 마포구 양화로23길,3985,연정,U,2020.12.7 22:07,한식
1,영업/정상,영업,,121050,서울특별시 마포구 마포동 300번지 1층 ,서울특별시 마포구 마포대로4나길 56 1층 (마포동),서울 마포구 마포대로4나길,4176,이조명가,I,2018.8.31 23:59,한식
1,영업/정상,영업,,121865,서울특별시 마포구 연남동 227-2번지 2층 ,서울특별시 마포구 연희로 33 2층 (연남동),서울 마포구 연희로,3982,이주방,U,2019.4.24 2:40,기타
1,영업/정상,영업,,121840,서울특별시 마포구 서교동 396-30,서울특별시 마포구 독막로3길 20 지하1층 좌측 (서교동),서울 마포구 독막로3길,4047,이쪽,U,2020.12.7 0:01,한식
1,영업/정상,영업,23381239,121893,서울특별시 마포구 서교동 366-1번지 동천빌딩 1층 ,서울특별시 마포구 잔다리로6길 36 (서교동동천빌딩 1층),서울 마포구 잔다리로6길,4042,이차돌 홍대점,I,2018.8.31 23:59,한식
1,영업/정상,영업,,121812,서울특별시 마포구 도화동 25-13 효성해링턴 스퀘어,서울특별시 마포구 마포대로 92 효성해링턴 스퀘어 B동 2층 1호 (도화동),서울 마포구 마포대로,4168,이춘복참치 공덕점,U,2019.11.2 0:03,일식
1,영업/정상,영업,2.07E+11,121837,서울특별시 마포구 서교동 342-16번지 ,서울특별시 마포구 와우산로23길 18-7 (서교동 2층 일부),서울 마포구 와우산로23길,4054,이츠모라멘,U,2020.2.14 2:40,까페
1,영업/정상,영업,,121840,서울특별시 마포구 서교동 395-124번지 ,서울특별시 마포구 잔다리로3안길 44 (서교동 지하1층 일부),서울 마포구 잔다리로3안길,4043,이치류 홍대본점,I,2018.8.31 23:59,일식
1,영업/정상,영업,,121903,서울특별시 마포구 망원동 415-31번지 ,서울특별시 마포구 포은로 109 (망원동 1층일부),서울 마포구 포은로,4009,이치젠,I,2018.8.31 23:59,일식
1,영업/정상,영업,23030802,121835,서울특별시 마포구 상암동 1596번지 상암DMC푸르지오시티 S-City ,서울특별시 마포구 월드컵북로54길 25 상암DMC푸르지오시티 S-City B1층 B109호 (상암동),서울 마포구 월드컵북로54길,3924,이태리부대찌개 상암점,I,2018.8.31 23:59,한식
1,영업/정상,영업,,121830,서울특별시 마포구 상암동 17-7 외1필지 1층일부,서울특별시 마포구 월드컵북로44길 46 (상암동 1층일부),서울 마포구 월드컵북로44길,3930,이파리,U,2019.11.2 0:04,일식
1,영업/정상,영업,,121836,서울특별시 마포구 서교동 334-18번지 ,서울특별시 마포구 와우산로29라길 21 1층 (서교동),서울 마포구 와우산로29라길,4053,이플로네의하루,I,2018.8.31 23:59,한식
1,영업/정상,영업,,121803,서울특별시 마포구 공덕동 242-36,서울특별시 마포구 마포대로12길 28 (공덕동 1층일부),서울 마포구 마포대로12길,4211,이화수전통육개장 서울공덕점,U,2020.11.1 0:03,한식
1,영업/정상,영업,,121904,서울특별시 마포구 상암동 1615 PARK M,서울특별시 마포구 매봉산로 80 PARK M 1층 101호 (상암동),서울 마포구 매봉산로,3927,이화원 상암점,U,2020.11.30 23:03,기타
1,영업/정상,영업,,121897,서울특별시 마포구 합정동 375-1번지 합정아파트 112호,서울특별시 마포구 양화진길 5 112호 (합정동 합정아파트),서울 마포구 양화진길,4071,익순,I,2019.1.25 2:21,기타
1,영업/정상,영업,,121865,서울특별시 마포구 연남동 228-24 피아노빌딩,서울특별시 마포구 동교로 262-4 피아노빌딩 1층 (연남동),서울 마포구 동교로,3982,익스큐즈미,I,2020.12.3 23:08,경양식
1,영업/정상,영업,27186951,121813,서울특별시 마포구 도화동 205-6번지 ,서울특별시 마포구 삼개로5길 4-3 (도화동),서울 마포구 삼개로5길,4172,인기명 마포점,I,2018.8.31 23:59,한식
1,영업/정상,영업,223047329,121830,서울특별시 마포구 상암동 4-2 효인빌딩,서울특별시 마포구 매봉산로2길 15 효인빌딩 2층 202호 (상암동),서울 마포구 매봉산로2길,3927,인생건어물 상암점,U,2020.10.30 22:02,한식
1,영업/정상,영업,,121893,서울특별시 마포구 서교동 366-27번지 한국빌딩 ,서울특별시 마포구 잔다리로6길 22 한국빌딩 1층 (서교동),서울 마포구 잔다리로6길,4042,인생담은식당,U,2019.11.1 2:40,기타
1,영업/정상,영업,,121836,서울특별시 마포구 서교동 327-45,서울특별시 마포구 와우산로29길 4-13 지층 (서교동),서울 마포구 와우산로29길,4052,인생아구찜,U,2020.12.5 23:09,기타
1,영업/정상,영업,,121830,서울특별시 마포구 상암동 2-106번지 ,서울특별시 마포구 성암로15길 30 1층 (상암동),서울 마포구 성암로15길,3930,인생PUB상암점,U,2019.5.16 2:40,기타
1,영업/정상,영업,,121828,서울특별시 마포구 상수동 145-4,서울특별시 마포구 와우산로 43 1층 (상수동),서울 마포구 와우산로,4049,인셀러 상수,I,2019.10.31 22:07,기타
1,영업/정상,영업,,121827,서울특별시 마포구 망원동 478-9번지 ,서울특별시 마포구 월드컵로 133 1층 (망원동),서울 마포구 월드컵로,3963,인정쭈꾸미 망원점,I,2019.12.5 0:23,한식
1,영업/정상,영업,,121904,서울특별시 마포구 상암동 1653번지 ,서울특별시 마포구 월드컵북로 361 (상암동 DMC이안상암2단지 2층 224225호),서울 마포구 월드컵북로,3908,인칸토,I,2018.8.31 23:59,경양식
1,영업/정상,영업,,121887,서울특별시 마포구 합정동 433-60번지 ,서울특별시 마포구 포은로 52-1 1층 (합정동),서울 마포구 포은로,4021,일렌토,I,2018.8.31 23:59,호프/통닭
1,영업/정상,영업,,121836,서울특별시 마포구 서교동 327-23번지 ,서울특별시 마포구 와우산로29길 4-40 지층 (서교동),서울 마포구 와우산로29길,4052,일구칠칠,I,2018.10.31 2:37,기타
1,영업/정상,영업,,121816,서울특별시 마포구 동교동 113-25,서울특별시 마포구 연희로1길 36 (동교동),서울 마포구 연희로1길,3985,1989 Burger Stand,U,2020.12.4 22:02,기타
1,영업/정상,영업,23330361,121826,서울특별시 마포구 망원동 476-1번지 ,서울특별시 마포구 방울내로 82 (망원동),서울 마포구 방울내로,3964,일등식당,U,2018.12.7 2:40,한식
1,영업/정상,영업,,121808,서울특별시 마포구 대흥동 3-14번지 ,서울특별시 마포구 대흥로28길 8 (대흥동 1층 일부),서울 마포구 대흥로28길,4112,일등집,I,2018.8.31 23:59,한식
1,영업/정상,영업,,121887,서울특별시 마포구 합정동 433-60번지 지상1층 ,서울특별시 마포구 포은로 52-1 (합정동지상1층),서울 마포구 포은로,4021,일렌토,I,2018.8.31 23:59,까페
1,영업/정상,영업,23363924,121841,서울특별시 마포구 서교동 449-43번지 ,서울특별시 마포구 월드컵북로5길 22 (서교동),서울 마포구 월드컵북로5길,4000,일미식당,I,2018.8.31 23:59,한식
1,영업/정상,영업,27166867,121872,서울특별시 마포구 염리동 147-27번지 ,서울특별시 마포구 숭문길 16 (염리동 1층),서울 마포구 숭문길,4138,일번지대박집,I,2018.8.31 23:59,일식
1,영업/정상,영업,2.07E+11,121898,서울특별시 마포구 동교동 198-8번지 1층일부 103호,서울특별시 마포구 동교로27길 12 103호 (동교동 1층일부),서울 마포구 동교로27길,3993,라멘무메이,I,2018.8.31 23:59,일식
1,영업/정상,영업,,121826,서울특별시 마포구 망원동 476-17,서울특별시 마포구 방울내로 80 1층 좌측호 (망원동),서울 마포구 방울내로,3964,일상유부,U,2020.12.5 21:00,한식
1,영업/정상,영업,,121859,서울특별시 마포구 아현동 332-3번지 ,서울특별시 마포구 신촌로34길 14 지상1층 (아현동),서울 마포구 신촌로34길,4115,일신정육식당,I,2018.8.31 23:59,한식
1,영업/정상,영업,,121813,서울특별시 마포구 도화동 201-14번지 ,서울특별시 마포구 도화길 12 (도화동 2층),서울 마포구 도화길,4172,곰작골나주곰탕 마포점,I,2018.8.31 23:59,한식
1,영업/정상,영업,23388810,121807,서울특별시 마포구 노고산동 57-4 지하1층,서울특별시 마포구 신촌로 92 (노고산동지하1층),서울 마포구 신촌로,4058,일일향,U,2020.10.30 22:02,중국식
1,영업/정상,영업,,121812,서울특별시 마포구 도화동 179-2번지 ,서울특별시 마포구 새창로2길 15-2 (도화동 12층),서울 마포구 새창로2길,4168,일일향 마포점,I,2018.8.31 23:59,중국식
1,영업/정상,영업,,121817,서울특별시 마포구 동교동 164-23 3층,서울특별시 마포구 홍익로6길 52 3층 (동교동),서울 마포구 홍익로6길,4050,일편등심,U,2021.12.1 23:00,한식
1,영업/정상,영업,,121835,서울특별시 마포구 상암동 1474번지 ,서울특별시 마포구 성암로13길 28 1층 (상암동),서울 마포구 성암로13길,3930,일포베트남쌀국수,U,2020.4.15 2:40,기타
1,영업/정상,영업,,121881,서울특별시 마포구 창전동 283번지 ,서울특별시 마포구 서강로 59 1층 (창전동),서울 마포구 서강로,4069,한우광장,I,2018.8.31 23:59,한식
1,영업/정상,영업,23385426,121823,서울특별시 마포구 망원동 421-36번지 ,서울특별시 마포구 망원로 49-1 (망원동),서울 마포구 망원로,3958,임가네해물천국,I,2018.8.31 23:59,한식
1,영업/정상,영업,,121865,서울특별시 마포구 연남동 225-8번지 1층101호 ,서울특별시 마포구 성미산로31길 14 1층 101호 (연남동),서울 마포구 성미산로31길,3980,잇다프로젝트레스토랑,U,2019.3.17 2:40,기타
1,영업/정상,영업,,121886,서울특별시 마포구 합정동 396-14 1층일부,서울특별시 마포구 포은로 11 (합정동 1층일부),서울 마포구 포은로,4020,잇텐고,U,2019.11.2 0:04,한식
1,영업/정상,영업,23350443,121820,서울특별시 마포구 망원동 380-2번지 지하1층 ,서울특별시 마포구 월드컵로13길 27 (망원동지하1층),서울 마포구 월드컵로13길,4013,잉치킨 망원점,I,2018.8.31 23:59,한식
1,영업/정상,영업,,121848,서울특별시 마포구 성산동 260-14번지 ,서울특별시 마포구 월드컵로 142 지하1층 (성산동),서울 마포구 월드컵로,3970,잉치킨 마포구청점,I,2018.8.31 23:59,한식
1,영업/정상,영업,,121823,서울특별시 마포구 망원동 421-18,서울특별시 마포구 망원로 55 (망원동 1층 일부),서울 마포구 망원로,3958,자담치킨 서울망원점,U,2021.12.2 0:08,한식
1,영업/정상,영업,,121030,서울특별시 마포구 신공덕동 172 펜트라우스,서울특별시 마포구 백범로 205 지하2층 B213호 (신공덕동 펜트라우스),서울 마포구 백범로,4194,자담치킨 서울공덕점,U,2020.12.2 23:07,기타
1,영업/정상,영업,,121845,서울특별시 마포구 성산동 200-18,서울특별시 마포구 월드컵북로 162-4 지1층 (성산동),서울 마포구 월드컵북로,3949,자담치킨 서울성산점,U,2019.10.31 0:07,한식
1,영업/정상,영업,,121822,서울특별시 마포구 망원동 406-13,서울특별시 마포구 희우정로 106 1층 (망원동),서울 마포구 희우정로,4007,자매네삼곱,U,2019.11.2 0:03,한식
1,영업/정상,영업,,121867,서울특별시 마포구 연남동 383-78,서울특별시 마포구 동교로38길 33-18 지1층 (연남동),서울 마포구 동교로38길,3982,자매떡볶이 연남점,U,2020.10.31 0:08,분식
1,영업/정상,영업,,121894,서울특별시 마포구 서교동 378-1번지 1층일부(102호) ,서울특별시 마포구 잔다리로7안길 3 (서교동 1층일부),서울 마포구 잔다리로7안길,4034,자성당쫄면 서교본점,I,2018.8.31 23:59,한식
1,영업/정상,영업,,121859,서울특별시 마포구 아현동 282-1번지 새한빌딩 ,서울특별시 마포구 굴레방로 13 새한빌딩 1층 102호 (아현동),서울 마포구 굴레방로,4117,자성화맛집코다리네 마포아현점,U,2019.8.2 2:40,한식
1,영업/정상,영업,23348220,121837,서울특별시 마포구 서교동 362-14번지 2층 ,서울특별시 마포구 와우산로19길 6-11 (서교동2층),서울 마포구 와우산로19길,4041,자세,I,2018.8.31 23:59,호프/통닭
1,영업/정상,영업,,121714,서울특별시 마포구 마포동 140 다보빌딩,서울특별시 마포구 마포대로 20 다보빌딩 지하1층 (마포동),서울 마포구 마포대로,4175,자용스님의 스미타 마포점,U,2020.12.6 22:05,한식
1,영업/정상,영업,231529494,121850,서울특별시 마포구 성산동 592-6번지 이안상암2 상가1층 112호 ,서울특별시 마포구 월드컵로 190 (성산동이안상암2 상가1층 112호),서울 마포구 월드컵로,3938,자운각,I,2018.8.31 23:59,중국식
1,영업/정상,영업,,121840,서울특별시 마포구 서교동 396-24번지 ,서울특별시 마포구 양화로6길 57-7 (서교동 1층 일부),서울 마포구 양화로6길,4047,자이온보트,I,2018.8.31 23:59,분식
1,영업/정상,영업,23375224,121893,서울특별시 마포구 서교동 367-36번지 ,서울특별시 마포구 어울마당로 71 (서교동 지하1층지상1~4층),서울 마포구 어울마당로,4042,작가,I,2018.8.31 23:59,일식
1,영업/정상,영업,,121869,서울특별시 마포구 연남동 561-6번지 ,서울특별시 마포구 동교로27길 74 (연남동 1층 일부),서울 마포구 동교로27길,3988,작가식당,I,2018.8.31 23:59,한식
1,영업/정상,영업,,121899,서울특별시 마포구 동교동 189-4,서울특별시 마포구 와우산로37길 1 지11층 (동교동),서울 마포구 와우산로37길,4056,작당모의,U,2020.12.3 0:09,기타
1,영업/정상,영업,27135930,121875,서울특별시 마포구 용강동 40-1번지 ,서울특별시 마포구 토정로37가길 13 (용강동),서울 마포구 토정로37가길,4166,작은섬소년,I,2018.8.31 23:59,한식
1,영업/정상,영업,23238438,121866,서울특별시 마포구 연남동 361-11번지 1층 ,서울특별시 마포구 연남로 72-1 (연남동1층),서울 마포구 연남로,3976,작은마을,U,2019.6.23 2:40,한식
1,영업/정상,영업,,121893,서울특별시 마포구 서교동 370-22번지 ,서울특별시 마포구 홍익로5안길 42 1층 (서교동),서울 마포구 홍익로5안길,4039,작은식당한소끔,U,2019.10.27 2:40,까페
1,영업/정상,영업,,121893,서울특별시 마포구 서교동 369-27번지 1층 ,서울특별시 마포구 잔다리로6길 19 (서교동1층),서울 마포구 잔다리로6길,4039,참숯잔다리불고기,I,2018.8.31 23:59,한식
1,영업/정상,영업,,121816,서울특별시 마포구 동교동 149-15번지 ,서울특별시 마포구 동교로 234 (동교동 1층),서울 마포구 동교로,3985,잔등재두루치기,U,2019.10.27 2:40,한식
1,영업/정상,영업,,121865,서울특별시 마포구 연남동 255-25,서울특별시 마포구 성미산로28길 41 1층 (연남동),서울 마포구 성미산로28길,3984,잘란연남,U,2020.11.30 22:02,호프/통닭
1,영업/정상,영업,,121883,서울특별시 마포구 합정동 352-6 잠두봉선착장 2층,서울특별시 마포구 마포나루길 582 2층 (합정동 잠두봉선착장),서울 마포구 마포나루길,4085,잠두봉더나인,U,2020.12.5 23:06,한식
1,영업/정상,영업,23259253,121807,서울특별시 마포구 노고산동 56-44,서울특별시 마포구 신촌로12길 29 (노고산동),서울 마포구 신촌로12길,4057,장가네뼈다귀감자탕,U,2020.12.2 23:03,한식
1,영업/정상,영업,27038766,121876,서울특별시 마포구 용강동 122-13번지 ,서울특별시 마포구 토정로 290 (용강동),서울 마포구 토정로,4163,장가네곱창구이,I,2018.8.31 23:59,한식
1,영업/정상,영업,23344854,121893,서울특별시 마포구 서교동 371-4번지 ,서울특별시 마포구 양화로16길 10 (서교동),서울 마포구 양화로16길,4038,장가네한우촌,I,2018.8.31 23:59,한식
1,영업/정상,영업,,121875,서울특별시 마포구 용강동 45-5번지 ,서울특별시 마포구 토정로 296 2층 (용강동),서울 마포구 토정로,4165,장가방,I,2018.8.31 23:59,중국식
1,영업/정상,영업,227060656,121876,서울특별시 마포구 용강동 122-5,서울특별시 마포구 토정로 284-2 (용강동),서울 마포구 토정로,4163,장강,U,2019.11.1 21:00,한식
1,영업/정상,영업,,121813,서울특별시 마포구 도화동 343-2번지 1층 ,서울특별시 마포구 도화길 22 (도화동),서울 마포구 도화길,4172,장공당떡군 마포역점,I,2018.8.31 23:59,분식
1,영업/정상,영업,2232729593,121806,서울특별시 마포구 노고산동 31-191 용빌딩 별관,서울특별시 마포구 백범로1길 3 용빌딩 별관 1층 102호 (노고산동),서울 마포구 백범로1길,4101,장군주먹고기 신촌점,U,2020.11.30 22:01,한식
1,영업/정상,영업,,121867,서울특별시 마포구 연남동 387-38,서울특별시 마포구 성미산로 190-33 지1층 (연남동),서울 마포구 성미산로,3982,장끼전,U,2020.12.3 22:00,기타
1,영업/정상,영업,,121867,서울특별시 마포구 연남동 384-10번지 ,서울특별시 마포구 동교로46길 22 1층 (연남동),서울 마포구 동교로46길,3982,장농속,I,2019.6.30 2:21,기타
1,영업/정상,영업,,121865,서울특별시 마포구 연남동 227-9번지 1층 ,서울특별시 마포구 동교로46길 36 1층 (연남동),서울 마포구 동교로46길,3982,장농속 2호점,U,2020.3.27 2:40,기타
1,영업/정상,영업,,121841,서울특별시 마포구 서교동 448-1,서울특별시 마포구 월드컵북로5길 21 1층 (서교동),서울 마포구 월드컵북로5길,4001,장독대,U,2021.12.1 0:06,한식
1,영업/정상,영업,232741580,121806,서울특별시 마포구 노고산동 19-6번지 ,서울특별시 마포구 백범로1길 78 (노고산동 1층),서울 마포구 백범로1길,4103,장독대집밥,I,2018.8.31 23:59,한식
1,영업/정상,영업,23229293,121895,서울특별시 마포구 서교동 407-2,서울특별시 마포구 와우산로 65 (서교동 1층),서울 마포구 와우산로,4049,장미별장 홍대직영점,U,2020.12.3 23:05,호프/통닭
1,영업/정상,영업,27167766,121812,서울특별시 마포구 도화동 182-11번지 1층 ,서울특별시 마포구 도화길 46 (도화동),서울 마포구 도화길,4169,장수갈매기 본점,I,2018.8.31 23:59,한식
1,영업/정상,영업,,121821,서울특별시 마포구 망원동 395-4번지 ,서울특별시 마포구 포은로 75 1층일부층 (망원동),서울 마포구 포은로,4017,장수국밥,U,2019.5.9 2:40,기타
1,영업/정상,영업,,121896,서울특별시 마포구 서교동 444-9,서울특별시 마포구 월드컵로 40 1층 101호 (서교동),서울 마포구 월드컵로,4029,장수멸치국수,I,2019.11.1 0:07,한식
1,영업/정상,영업,27037558,121806,서울특별시 마포구 노고산동 31-50,서울특별시 마포구 백범로1길 8-7 1층 (노고산동),서울 마포구 백범로1길,4102,장수보감,U,2020.12.4 23:04,한식
1,영업/정상,영업,27035141,121803,서울특별시 마포구 공덕동 256-10번지 1층 ,서울특별시 마포구 만리재로 19 (공덕동1층),서울 마포구 만리재로,4214,장수족발,I,2018.8.31 23:59,분식
1,영업/정상,영업,,121812,서울특별시 마포구 도화동 173번지 삼창주택 지하1층40호 ,서울특별시 마포구 마포대로 63-8 (도화동삼창주택 지하1층40호),서울 마포구 마포대로,4157,장수한방삼계탕,I,2018.8.31 23:59,한식
1,영업/정상,영업,27070256,121758,서울특별시 마포구 공덕동 256-13번지 제일빌딩 지하1층22호 ,서울특별시 마포구 만리재로 15 (공덕동제일빌딩 지하1층22호),서울 마포구 만리재로,4214,장수한방삼계탕,I,2018.8.31 23:59,한식
1,영업/정상,영업,,121900,서울특별시 마포구 망원동 486-36번지 ,서울특별시 마포구 망원로8길 9 (망원동 1층 일부),서울 마포구 망원로8길,4011,장수한방족발,I,2018.8.31 23:59,한식
1,영업/정상,영업,,121867,서울특별시 마포구 연남동 387-6,서울특별시 마포구 동교로 266-12 지하1층 B02호 (연남동),서울 마포구 동교로,3982,장슨빌,I,2020.12.3 23:08,기타
1,영업/정상,영업,,121869,서울특별시 마포구 연남동 570-38,서울특별시 마포구 월드컵북로6길 19 가동 (연남동 1층일부),서울 마포구 월드컵북로6길,3991,장작집,U,2020.12.3 22:00,한식
1,영업/정상,영업,27025955,121803,서울특별시 마포구 공덕동 256-5번지 마포시장 ,서울특별시 마포구 마포대로6길 16 1617호 (공덕동),서울 마포구 마포대로6길,4214,장터생선구이,I,2018.8.31 23:59,한식
1,영업/정상,영업,,121820,서울특별시 마포구 망원동 57-39번지 지1층 ,서울특별시 마포구 월드컵로19길 16 (망원동 지1층),서울 마포구 월드컵로19길,4012,장화신은 고양이,I,2018.8.31 23:59,외국음식전문점(인도태국등)
1,영업/정상,영업,27193450,121809,서울특별시 마포구 대흥동 37-14번지 1층좌측(2층올라가는계단옆) ,서울특별시 마포구 대흥로 114-1 (대흥동 1층일부),서울 마포구 대흥로,4136,재모식당,I,2018.8.31 23:59,한식
1,영업/정상,영업,,121805,서울특별시 마포구 공덕동 385-65 공덕SK리더스뷰,서울특별시 마포구 백범로31길 7 1동 113호 (공덕동 공덕SK리더스뷰),서울 마포구 백범로31길,4147,잭슨피자 공덕점,I,2020.12.9 0:02,기타
1,영업/정상,영업,,121836,서울특별시 마포구 서교동 334-21,서울특별시 마포구 와우산로29라길 11 1층 (서교동),서울 마포구 와우산로29라길,4053,블랙앤잭,U,2019.11.1 23:08,기타
1,영업/정상,영업,,121845,서울특별시 마포구 성산동 159-2번지 1층일부 ,서울특별시 마포구 월드컵로36길 54 (성산동 1층일부),서울 마포구 월드컵로36길,3940,잼잼칩스 1호점,I,2018.8.31 23:59,분식
1,영업/정상,영업,23262236,121836,서울특별시 마포구 서교동 330-16 (1층),서울특별시 마포구 와우산로29길 66 (서교동(1층)),서울 마포구 와우산로29길,4052,쟁반집8292 홍대점,U,2020.12.2 22:03,한식
1,영업/정상,영업,,121840,서울특별시 마포구 서교동 395-36,서울특별시 마포구 독막로3길 21 지층 (서교동),서울 마포구 독막로3길,4044,저녁한술,U,2021.12.1 0:05,기타
1,영업/정상,영업,,121835,서울특별시 마포구 상암동 1596 상암DMC푸르지오시티 S-City,서울특별시 마포구 월드컵북로54길 25 상암DMC푸르지오시티 S-City 2층 213호 (상암동),서울 마포구 월드컵북로54길,3924,저스트샐러드 상암점,U,2020.12.4 22:01,기타
1,영업/정상,영업,,121895,서울특별시 마포구 서교동 402-6,서울특별시 마포구 독막로9길 8 1층 (서교동),서울 마포구 독막로9길,4048,저스트텐동 상수점,I,2019.10.30 22:03,기타
1,영업/정상,영업,23222513,121883,서울특별시 마포구 합정동 354-26번지 1층 ,서울특별시 마포구 독막로8길 9 (합정동1층),서울 마포구 독막로8길,4073,전가복,I,2018.8.31 23:59,중국식
1,영업/정상,영업,,121795,서울특별시 마포구 상암동 1605 누리꿈스퀘어,서울특별시 마포구 월드컵북로 396 누리꿈스퀘어 2층 R202 R203호 (상암동),서울 마포구 월드컵북로,3925,전설의우대갈비 상암직영점,I,2020.10.31 0:08,한식
1,영업/정상,영업,27064674,121812,서울특별시 마포구 도화동 173-0번지 삼창 지1- 13호동 14호호,서울특별시 마포구 마포대로 63-8 13호동 14호호 (도화동삼창 지1-),서울 마포구 마포대로,4157,전설의김치찌개,I,2018.8.31 23:59,한식
1,영업/정상,영업,23337580,121883,서울특별시 마포구 합정동 412-14번지 1층 ,서울특별시 마포구 독막로 35 (합정동1층),서울 마포구 독막로,4047,비사벌전주콩나물국밥 합정점,U,2019.11.2 2:40,한식
1,영업/정상,영업,,121803,서울특별시 마포구 공덕동 242-69번지 외1필지 12층 ,서울특별시 마포구 마포대로12길 34-5 12층 (공덕동),서울 마포구 마포대로12길,4211,전주골,I,2018.8.31 23:59,한식
1,영업/정상,영업,,121849,서울특별시 마포구 성산동 134-32 1층102호,서울특별시 마포구 성암로 31 (성산동1층102호),서울 마포구 성암로,3951,전주비빔밥,U,2021.12.1 0:08,한식
1,영업/정상,영업,,121865,서울특별시 마포구 연남동 226-29번지 106호,서울특별시 마포구 성미산로 195 106호 (연남동),서울 마포구 성미산로,3981,전주상회,I,2018.8.31 23:59,한식
1,영업/정상,영업,,121805,서울특별시 마포구 공덕동 456번지 ,서울특별시 마포구 만리재로 14 11호 (공덕동),서울 마포구 만리재로,4195,전주식당,I,2018.8.31 23:59,한식
1,영업/정상,영업,,121847,서울특별시 마포구 성산동 251-2번지 ,서울특별시 마포구 성미산로1길 4 (성산동),서울 마포구 성미산로1길,3971,전주유황오리,I,2018.8.31 23:59,한식
1,영업/정상,영업,27164872,121815,서울특별시 마포구 도화동 538 성지빌딩지하1층 13호,서울특별시 마포구 큰우물로 75 (도화동성지빌딩지하1층 13호),서울 마포구 큰우물로,4158,전주집,U,2019.11.2 0:03,한식
1,영업/정상,영업,,121904,서울특별시 마포구 상암동 1607번지 ,서울특별시 마포구 상암산로 76 (상암동 YTN뉴스퀘어지1층일부),서울 마포구 상암산로,3926,전주현대옥 상암DMC점,I,2018.8.31 23:59,한식
1,영업/정상,영업,,121715,서울특별시 마포구 도화동 51-1번지 성우빌딩지1층3호 ,서울특별시 마포구 마포대로 49 (도화동 성우빌딩지1층3호),서울 마포구 마포대로,4158,점심한끼,U,2020.1.15 2:40,한식
1,영업/정상,영업,,121830,서울특별시 마포구 상암동 2-110,서울특별시 마포구 성암로15길 36 1층 (상암동),서울 마포구 성암로15길,3930,점점 점점점점,U,2020.11.1 21:00,한식
1,영업/정상,영업,,121825,서울특별시 마포구 망원동 435-1 1층일부,서울특별시 마포구 방울내로 67 (망원동 1층일부),서울 마포구 방울내로,3961,점프키친,U,2020.12.6 0:09,경양식
1,영업/정상,영업,,121827,서울특별시 마포구 망원동 477-4번지 1층 일부 ,서울특별시 마포구 월드컵로 143 (망원동 1층일부),서울 마포구 월드컵로,3963,접시고기 망원역점,U,2020.5.23 2:40,한식
1,영업/정상,영업,,121883,서울특별시 마포구 합정동 410-2,서울특별시 마포구 독막로 55 가동 1층 (합정동),서울 마포구 독막로,4048,정가네정육식당,I,2019.11.1 23:08,한식
1,영업/정상,영업,,121811,서울특별시 마포구 대흥동 441-1,서울특별시 마포구 백범로20길 28 1층 (대흥동),서울 마포구 백범로20길,4151,정각,U,2020.12.7 22:08,경양식
1,영업/정상,영업,23388919,121888,서울특별시 마포구 합정동 457-3번지 ,서울특별시 마포구 희우정로5길 29 1층 (합정동),서울 마포구 희우정로5길,4019,정광수의돈까스가게,I,2018.8.31 23:59,경양식
1,영업/정상,영업,,121893,서울특별시 마포구 서교동 394-20,서울특별시 마포구 양화로8길 16-21 별관1층 일부호 (서교동),서울 마포구 양화로8길,4044,정구지뒷고기,I,2019.12.8 0:01,한식
1,영업/정상,영업,27130710,121812,서울특별시 마포구 도화동 183-8,서울특별시 마포구 도화길 52 (도화동),서울 마포구 도화길,4169,마포정대포 본점,U,2019.11.2 0:03,한식
1,영업/정상,영업,,121895,서울특별시 마포구 서교동 408-26,서울특별시 마포구 어울마당로 46 12층 (서교동),서울 마포구 어울마당로,4049,정돈,U,2019.12.8 0:02,일식
1,영업/정상,영업,23377346,121827,서울특별시 마포구 망원동 477-2번지 1층 ,서울특별시 마포구 월드컵로 149 (망원동1층),서울 마포구 월드컵로,3963,정드린치킨 망원점,I,2018.8.31 23:59,호프/통닭
1,영업/정상,영업,,121810,서울특별시 마포구 대흥동 325-13,서울특별시 마포구 독막로 239 1층 101호 (대흥동),서울 마포구 독막로,4096,정든그릇,U,2020.12.3 22:09,일식
1,영업/정상,영업,,121813,서울특별시 마포구 도화동 201-1,서울특별시 마포구 도화길 14-1 지하1층 (도화동),서울 마포구 도화길,4172,정든닭발 마포공덕점,I,2019.10.31 23:09,기타
1,영업/정상,영업,,121893,서울특별시 마포구 서교동 367-16번지 ,서울특별시 마포구 잔다리로 20-13 지하1층 (서교동),서울 마포구 잔다리로,4042,정든집 홍대점,I,2018.8.31 23:59,정종/대포집/소주방
1,영업/정상,영업,2.07E+11,121840,서울특별시 마포구 서교동 396-30번지 ,서울특별시 마포구 독막로3길 20 지하1층 우측호 (서교동),서울 마포구 독막로3길,4047,정무관초밥앤참치,I,2018.8.31 23:59,까페
1,영업/정상,영업,,121030,서울특별시 마포구 신공덕동 167번지 2층 203호 ,서울특별시 마포구 백범로 199 2층 203호 (신공덕동 메트로디오빌),서울 마포구 백범로,4195,정미,I,2018.8.31 23:59,일식
1,영업/정상,영업,,121825,서울특별시 마포구 망원동 435-23 休家,서울특별시 마포구 방울내로 73 休家 1층 102호 (망원동),서울 마포구 방울내로,3961,정성,U,2019.12.8 23:08,외국음식전문점(인도태국등)
1,영업/정상,영업,,121841,서울특별시 마포구 서교동 487 서교동 대우미래사랑,서울특별시 마포구 월드컵북로5나길 18 1층 131호 (서교동 서교동 대우미래사랑),서울 마포구 월드컵북로5나길,4002,정성이가득찬집밥 홍대점,U,2020.11.30 22:04,한식
1,영업/정상,영업,,121010,서울특별시 마포구 아현동 774번지 마포 래미안 푸르지오 ,서울특별시 마포구 마포대로 195 상가4동 108호 (아현동 마포 래미안 푸르지오),서울 마포구 마포대로,4129,정성한줄 아현점,I,2018.8.31 23:59,분식
1,영업/정상,영업,,121865,서울특별시 마포구 연남동 255-21 1층일부,서울특별시 마포구 동교로39길 4 (연남동 1층일부),서울 마포구 동교로39길,3984,정양집,U,2020.10.30 22:04,한식
1,영업/정상,영업,23326866,121843,서울특별시 마포구 성산동 51-5번지 1층 ,서울특별시 마포구 월드컵북로12안길 69 (성산동1층),서울 마포구 월드컵북로12안길,3972,정원,I,2018.8.31 23:59,중국식
1,영업/정상,영업,,121873,서울특별시 마포구 염리동 159-7 1층,서울특별시 마포구 백범로26길 6 1층 (염리동),서울 마포구 백범로26길,4149,정원,U,2020.12.7 22:09,기타
1,영업/정상,영업,23385320,121898,서울특별시 마포구 동교동 158-9번지 ,서울특별시 마포구 동교로 182-3 (동교동 지하1층),서울 마포구 동교로,3995,정원각,I,2018.8.31 23:59,중국식
1,영업/정상,영업,,121883,서울특별시 마포구 합정동 414-16 2층,서울특별시 마포구 양화로6길 14 2층 (합정동),서울 마포구 양화로6길,4046,정육도,U,2019.12.7 22:00,한식
1,영업/정상,영업,2,121838,서울특별시 마포구 서교동 355-25,서울특별시 마포구 홍익로5안길 24 1층 102호 (서교동),서울 마포구 홍익로5안길,4039,정이포장마차,I,2021.12.1 22:06,정종/대포집/소주방
1,영업/정상,영업,,121811,서울특별시 마포구 대흥동 466-5번지 ,서울특별시 마포구 백범로24길 27 (대흥동),서울 마포구 백범로24길,4149,정정,U,2020.1.15 2:40,한식
1,영업/정상,영업,,121820,서울특별시 마포구 망원동 338-39 1층일부,서울특별시 마포구 포은로 66 (망원동 1층일부),서울 마포구 포은로,4018,정주일가,U,2020.10.30 21:01,한식
1,영업/정상,영업,,121837,서울특별시 마포구 서교동 347-30번지 ,서울특별시 마포구 와우산로29바길 20 지층 (서교동),서울 마포구 와우산로29바길,4053,정중한라면,I,2019.10.17 0:22,기타
1,영업/정상,영업,269682000,121919,서울특별시 마포구 서교동 490 메세나폴리스,서울특별시 마포구 양화로 45 몰동 B184 B185호 (서교동 메세나폴리스),서울 마포구 양화로,4036,정칼 메세나점,U,2021.12.1 22:05,기타
1,영업/정상,영업,,121731,서울특별시 마포구 도화동 536 정우빌딩,서울특별시 마포구 토정로37길 46 지1층 31호 (도화동 정우빌딩),서울 마포구 토정로37길,4157,정통마라탕마포마라회관,U,2019.10.31 22:09,기타
1,영업/정상,영업,,121893,서울특별시 마포구 서교동 394-12번지 서교동빌딩 ,서울특별시 마포구 양화로8길 38 서교동빌딩 1층 (서교동),서울 마포구 양화로8길,4044,정화,I,2019.12.15 0:23,한식
1,영업/정상,영업,220383338,121883,서울특별시 마포구 합정동 414-3,서울특별시 마포구 독막로 5 1층 (합정동),서울 마포구 독막로,4046,제레미20 합정역점,U,2020.12.6 22:02,한식
1,영업/정상,영업,2264079192,121895,서울특별시 마포구 서교동 409-20,서울특별시 마포구 와우산로15길 30 (서교동 지1층),서울 마포구 와우산로15길,4049,제순식당 홍대점,U,2021.12.1 0:01,호프/통닭
1,영업/정상,영업,,121867,서울특별시 마포구 연남동 383-93 연남빌딩,서울특별시 마포구 연희로 31 연남빌딩 지층 (연남동),서울 마포구 연희로,3982,제스티살룬 연남점,I,2019.12.7 23:03,기타
1,영업/정상,영업,,121867,서울특별시 마포구 연남동 390-71,서울특별시 마포구 동교로38길 13 지1층 (연남동),서울 마포구 동교로38길,3982,제이드럭,I,2019.10.30 23:00,기타
1,영업/정상,영업,,121867,서울특별시 마포구 연남동 383-42,서울특별시 마포구 동교로38길 33-12 1층 (연남동),서울 마포구 동교로38길,3982,제이미90,I,2019.11.1 23:01,기타
1,영업/정상,영업,,121865,서울특별시 마포구 연남동 229-51,서울특별시 마포구 동교로 255-1 지층 (연남동),서울 마포구 동교로,3983,제이앤제이슨R,I,2019.12.7 22:07,기타
1,영업/정상,영업,,121903,서울특별시 마포구 망원동 418-38번지 ,서울특별시 마포구 희우정로 118 1층 (망원동),서울 마포구 희우정로,4007,JH키친,I,2019.11.10 0:23,기타
1,영업/정상,영업,,121840,서울특별시 마포구 서교동 397-15번지 ,서울특별시 마포구 어울마당로5길 46 지상2층 (서교동),서울 마포구 어울마당로5길,4047,제이케이펍,U,2018.9.18 23:59,감성주점
1,영업/정상,영업,2220383182,121837,서울특별시 마포구 서교동 346-42 1층,서울특별시 마포구 어울마당로 122-1 1층 (서교동),서울 마포구 어울마당로,4055,홍대제임스 시카고피자,U,2020.11.1 22:05,경양식
1,영업/정상,영업,2231413111,121818,서울특별시 마포구 동교동 169-5번지 ,서울특별시 마포구 어울마당로 145-1 (동교동),서울 마포구 어울마당로,4051,제임스치즈등갈비 홍대본점,U,2020.3.19 2:40,한식
1,영업/정상,영업,23249263,121846,서울특별시 마포구 성산동 231-4번지 ,서울특별시 마포구 월드컵북로 73 (성산동),서울 마포구 월드컵북로,3967,제주간이회집,I,2018.8.31 23:59,한식
1,영업/정상,영업,27117561,121872,서울특별시 마포구 염리동 147-28,서울특별시 마포구 숭문길 18 1층 (염리동),서울 마포구 숭문길,4138,제주돈도야지,U,2019.12.7 22:02,한식
1,영업/정상,영업,27071136,121875,서울특별시 마포구 용강동 38-1번지 2층동 ,서울특별시 마포구 토정로35길 26 2층동 (용강동),서울 마포구 토정로35길,4166,동북왕,I,2018.8.31 23:59,한식
1,영업/정상,영업,,121830,서울특별시 마포구 상암동 2-112번지 1층 ,서울특별시 마포구 성암로15길 40 1층 (상암동),서울 마포구 성암로15길,3930,제주돼지로한판,I,2018.8.31 23:59,한식
1,영업/정상,영업,,121839,서울특별시 마포구 서교동 384-10,서울특별시 마포구 양화로11길 66 12층 (서교동),서울 마포구 양화로11길,4035,제주삼다돈,U,2021.12.1 22:07,한식
1,영업/정상,영업,,121830,서울특별시 마포구 상암동 42-14번지 ,서울특별시 마포구 월드컵북로44길 77 (상암동 1층),서울 마포구 월드컵북로44길,3927,제주에서온족발 상암DMC점,I,2018.8.31 23:59,한식
1,영업/정상,영업,,121875,서울특별시 마포구 용강동 51-8 주원빌딩,서울특별시 마포구 토정로 320 주원빌딩 2층 (용강동),서울 마포구 토정로,4165,제주은희네해장국 마포용강점,U,2019.12.7 0:05,기타
1,영업/정상,영업,,121841,서울특별시 마포구 서교동 449-6 1층,서울특별시 마포구 월드컵북로 43 1층 (서교동),서울 마포구 월드컵북로,4000,제주은희네해장국 홍대점,U,2019.11.1 22:05,한식
1,영업/정상,영업,,121842,서울특별시 마포구 서교동 460-8번지 12층 ,서울특별시 마포구 동교로17길 8 12층 (서교동),서울 마포구 동교로17길,4002,제주정원,I,2018.8.31 23:59,한식
1,영업/정상,영업,23245957,121865,서울특별시 마포구 연남동 258-5번지 1층 ,서울특별시 마포구 동교로 243-4 (연남동1층),서울 마포구 동교로,3984,제주촌,I,2018.8.31 23:59,호프/통닭
1,영업/정상,영업,27143920,121875,서울특별시 마포구 용강동 115-21번지 1층 ,서울특별시 마포구 토정로 277-1 (용강동),서울 마포구 토정로,4159,제주항,I,2018.8.31 23:59,호프/통닭
1,영업/정상,영업,,121840,서울특별시 마포구 서교동 396-24번지 ,서울특별시 마포구 양화로6길 57-7 (서교동 지1층 일부),서울 마포구 양화로6길,4047,제주홍돈가,I,2018.8.31 23:59,까페
1,영업/정상,영업,,121820,서울특별시 마포구 망원동 400-8,서울특별시 마포구 포은로 84 1층 (망원동),서울 마포구 포은로,4014,제철,I,2019.11.1 22:05,한식
1,영업/정상,영업,23258540,121838,서울특별시 마포구 서교동 358-46,서울특별시 마포구 와우산로21길 34 지하1층 (서교동),서울 마포구 와우산로21길,4040,젠,U,2021.11.30 22:02,호프/통닭
1,영업/정상,영업,,121868,서울특별시 마포구 연남동 454-12번지 ,서울특별시 마포구 동교로51길 129-4 34호 (연남동),서울 마포구 동교로51길,3979,젠틀키친,I,2018.8.31 23:59,호프/통닭
1,영업/정상,영업,,121803,서울특별시 마포구 공덕동 249-16번지 ,서울특별시 마포구 마포대로10길 12 지1층 (공덕동),서울 마포구 마포대로10길,4211,조개꽃천지 마포공덕점,U,2019.4.27 2:40,한식
1,영업/정상,영업,23320920,121818,서울특별시 마포구 동교동 170-19,서울특별시 마포구 어울마당로 149-1 (동교동),서울 마포구 어울마당로,4051,조개이야기,U,2019.10.31 22:01,한식
1,영업/정상,영업,27175551,121070,서울특별시 마포구 용강동 502 래미안마포리버웰 121동 201202호,서울특별시 마포구 토정로31길 23 121동 201.202호 (용강동 래미안마포리버웰),서울 마포구 토정로31길,4161,조마루 마포점,U,2019.11.1 22:04,한식
1,영업/정상,영업,,121839,서울특별시 마포구 서교동 481-2번지 태복빌딩 102호,서울특별시 마포구 동교로 114 1층 102호 (서교동),서울 마포구 동교로,4029,조박사복해장국,I,2018.8.31 23:59,한식
1,영업/정상,영업,27027462,121875,서울특별시 마포구 용강동 19-2,서울특별시 마포구 큰우물로4길 5 123층 (용강동),서울 마포구 큰우물로4길,4166,조박집3 신관,U,2020.10.31 23:07,한식
1,영업/정상,영업,27027462,121875,서울특별시 마포구 용강동 43-2,서울특별시 마포구 토정로 311 (용강동),서울 마포구 토정로,4166,원조조박집2,U,2020.10.31 23:07,호프/통닭
1,영업/정상,영업,27184410,121875,서울특별시 마포구 용강동 43-2번지 ,서울특별시 마포구 토정로 311 (용강동 1층),서울 마포구 토정로,4166,원조조박집2,I,2018.8.31 23:59,한식
1,영업/정상,영업,23221905,121893,서울특별시 마포구 서교동 369-4번지 ,서울특별시 마포구 홍익로3길 44 지1층 (서교동 호곡빌딩 ),서울 마포구 홍익로3길,4039,조선시대,U,2019.8.11 2:40,까페
1,영업/정상,영업,,121811,서울특별시 마포구 대흥동 802 대흥동세양아파트,서울특별시 마포구 독막로 288 1층 101102호 (대흥동 대흥동세양아파트),서울 마포구 독막로,4152,조선초가한끼,U,2020.12.5 22:03,한식
1,영업/정상,영업,2231431300,121838,서울특별시 마포구 서교동 351-18번지 ,서울특별시 마포구 월드컵북로 5 (서교동 1층),서울 마포구 월드컵북로,4031,조선화로구이,I,2018.8.31 23:59,한식
1,영업/정상,영업,,121815,서울특별시 마포구 도화동 568,서울특별시 마포구 새창로 11 지1층 (도화동),서울 마포구 새창로,4168,조쉐프,U,2019.12.7 0:01,기타
1,영업/정상,영업,27116788,121812,서울특별시 마포구 도화동 173 삼창프라자빌딩,서울특별시 마포구 마포대로 63-8 삼창프라자빌딩 지하1층 6 7 8호 (도화동),서울 마포구 마포대로,4157,조아순댓국,I,2020.12.1 0:01,한식
1,영업/정상,영업,,121880,서울특별시 마포구 창전동 2-31번지 1층일부(101호) ,서울특별시 마포구 서강로11길 18 (창전동 1층일부),서울 마포구 서강로11길,4061,조용한저녁,I,2018.8.31 23:59,경양식
1,영업/정상,영업,,121865,서울특별시 마포구 연남동 240-44번지 ,서울특별시 마포구 성미산로 151 1층 (연남동),서울 마포구 성미산로,3980,조원,U,2019.5.10 2:40,중국식
1,영업/정상,영업,,121899,서울특별시 마포구 동교동 186-20,서울특별시 마포구 신촌로12길 32 1층 (동교동),서울 마포구 신촌로12길,4057,조이버거,U,2020.11.1 23:00,경양식
1,영업/정상,영업,27164077,121875,서울특별시 마포구 용강동 51-1,서울특별시 마포구 토정로 314 (용강동),서울 마포구 토정로,4165,조이펍,U,2019.10.31 23:09,한식
1,영업/정상,영업,,121843,서울특별시 마포구 성산동 3-24번지 1층 ,서울특별시 마포구 연남로11길 52 1층 (성산동),서울 마포구 연남로11길,3974,조쿤,I,2018.12.26 2:20,기타
1,영업/정상,영업,,121848,서울특별시 마포구 성산동 263-4번지 ,서울특별시 마포구 월드컵로 146 (성산동 1층),서울 마포구 월드컵로,3970,족발귀신 본점,I,2018.8.31 23:59,한식
1,영업/정상,영업,27037376,121875,서울특별시 마포구 용강동 19-8,서울특별시 마포구 토정로37길 21-1 (용강동 1층),서울 마포구 토정로37길,4166,족발살롱,U,2020.12.1 23:07,한식
1,영업/정상,영업,,121835,서울특별시 마포구 상암동 1286번지 ,서울특별시 마포구 성암로13길 47 1층 (상암동),서울 마포구 성암로13길,3930,족발야시장 상암점,I,2019.11.7 0:23,한식
1,영업/정상,영업,,121856,서울특별시 마포구 신수동 457 마포벽산 이-솔렌스힐아파트,서울특별시 마포구 광성로 28 지2층 105호 (신수동 마포벽산 이-솔렌스힐아파트),서울 마포구 광성로,4097,족발야시장 서강대점,U,2020.12.5 21:00,한식
1,영업/정상,영업,231419430,121820,서울특별시 마포구 망원동 57-33번지 ,서울특별시 마포구 월드컵로 95 (망원동 1층),서울 마포구 월드컵로,4012,족발천하 망원점,I,2018.8.31 23:59,한식
1,영업/정상,영업,,121846,서울특별시 마포구 성산동 633-2번지 ,서울특별시 마포구 월드컵북로9길 23 1층 (성산동),서울 마포구 월드컵북로9길,3999,족보잇는국밥 딜리버리,I,2019.11.14 0:23,한식
1,영업/정상,영업,,121868,서울특별시 마포구 연남동 493-5번지 1층일부 ,서울특별시 마포구 성미산로 108 (연남동 1층일부),서울 마포구 성미산로,3987,존가네 마포점,U,2019.11.9 2:40,한식
1,영업/정상,영업,,121823,서울특별시 마포구 망원동 419-16번지 ,서울특별시 마포구 망원로 29 1층 (망원동),서울 마포구 망원로,3958,종가삼대화로집 망원점,I,2020.1.18 0:23,기타
1,영업/정상,영업,,121870,서울특별시 마포구 염리동 8-61번지 ,서울특별시 마포구 대흥로30길 21 (염리동 1층),서울 마포구 대흥로30길,4113,종금양꼬치,I,2018.8.31 23:59,한식
1,영업/정상,영업,,121904,서울특별시 마포구 상암동 1615번지 PARK M ,서울특별시 마포구 매봉산로 80 PARK M 1층 10호 (상암동),서울 마포구 매봉산로,3927,종로계림닭도리탕원조 상암점,I,2020.1.31 0:23,한식
1,영업/정상,영업,,121867,서울특별시 마포구 연남동 390-35 지빌딩,서울특별시 마포구 동교로38길 33 지빌딩 1층 102호 (연남동),서울 마포구 동교로38길,3982,종로계림닭도리탕 연남점,I,2019.12.7 22:03,한식
1,영업/정상,영업,,121820,서울특별시 마포구 망원동 377-5번지 ,서울특별시 마포구 동교로9길 48 (망원동 1층),서울 마포구 동교로9길,4012,종로계림마늘닭 망원역점,U,2018.12.20 2:40,한식
1,영업/정상,영업,23229044,121893,서울특별시 마포구 서교동 394-93번지 ,서울특별시 마포구 양화로6길 19 (서교동 1층),서울 마포구 양화로6길,4044,JBD종로빈대떡 합정점,I,2018.8.31 23:59,분식
1,영업/정상,영업,,121829,서울특별시 마포구 상수동 332-1 시사포커스 빌딩,서울특별시 마포구 와우산로3길 3 시사포커스 빌딩 1층 101호 (상수동),서울 마포구 와우산로3길,4074,종로빈대떡 상수점,U,2019.11.2 0:06,한식
1,영업/정상,영업,,121812,서울특별시 마포구 도화동 181-40번지 ,서울특별시 마포구 새창로 8 1층 (도화동),서울 마포구 새창로,4168,종로빈대떡 도화점,I,2019.10.23 0:22,기타
1,영업/정상,영업,,121758,서울특별시 마포구 공덕동 256-13 제일빌딩,서울특별시 마포구 만리재로 15 제일빌딩 1층 111 112호 (공덕동),서울 마포구 만리재로,4214,종로수제비 공덕점,U,2020.12.4 22:01,한식
1,영업/정상,영업,23223579,121838,서울특별시 마포구 서교동 357-1번지 ,서울특별시 마포구 홍익로3길 20 (서교동 서교오피스텔 107108호15152154호),서울 마포구 홍익로3길,4039,좋아해닭발,I,2018.8.31 23:59,한식
1,영업/정상,영업,,121903,서울특별시 마포구 망원동 416-14,서울특별시 마포구 망원로4길 3 1층 (망원동),서울 마포구 망원로4길,4008,아빠레이,I,2019.11.1 0:04,기타
1,영업/정상,영업,,121813,서울특별시 마포구 도화동 290-3번지 1층 ,서울특별시 마포구 마포대로4길 26 1층 (도화동),서울 마포구 마포대로4길,4173,죠샌드위치 마포도화점,I,2018.8.31 23:59,기타
1,영업/정상,영업,,121904,서울특별시 마포구 상암동 1647번지 지1층 일부 ,서울특별시 마포구 상암산로 34 (상암동 지1층 일부),서울 마포구 상암산로,3909,죠스떡볶이 상암DMC디지털큐브점,I,2018.8.31 23:59,분식
1,영업/정상,영업,,121803,서울특별시 마포구 공덕동 256-13번지 ,서울특별시 마포구 만리재로 15 (공덕동 제일빌딩 1층 104105호),서울 마포구 만리재로,4214,죠스떡볶이 공덕역점,I,2018.8.31 23:59,분식
1,영업/정상,영업,,121806,서울특별시 마포구 노고산동 31-4번지 3층 ,서울특별시 마포구 신촌로20길 6 (노고산동3층),서울 마포구 신촌로20길,4101,죠티인도레스토랑 신촌점,I,2018.8.31 23:59,경양식
1,영업/정상,영업,,121805,서울특별시 마포구 공덕동 476번지 공덕파크자이 ,서울특별시 마포구 백범로 152 101동 17호 (공덕동 공덕파크자이),서울 마포구 백범로,4148,주가미락,U,2020.2.8 2:40,한식
1,영업/정상,영업,,121895,서울특별시 마포구 서교동 402-4,서울특별시 마포구 양화로6길 99-3 1층 (서교동),서울 마포구 양화로6길,4048,주기적,I,2020.10.31 23:08,한식
1,영업/정상,영업,,121835,서울특별시 마포구 상암동 1596번지 상암DMC푸르지오시티 S-City ,서울특별시 마포구 월드컵북로54길 25 상암DMC푸르지오시티 S-City 지하1층 B113호 (상암동),서울 마포구 월드컵북로54길,3924,주람 낮에는밥집밤에는술집,I,2018.8.31 23:59,일식
1,영업/정상,영업,,121847,서울특별시 마포구 성산동 253-6,서울특별시 마포구 월드컵로 120-1 1층 (성산동),서울 마포구 월드컵로,3971,주류식당,U,2019.10.31 22:01,일식